Customer_ID,Age,Gender,Credit_Score,Tenure_Years,Balance,Products_Count,Has_Credit_Card,Is_Active_Member,Estimated_Salary,Segment,Exited
CUST-1000,56,Female,594,8,31140.07,1,1,0,74382.1,VIP,1
CUST-1001,69,Female,764,7,88927.96,2,0,1,114707.33,Standard,0
CUST-1002,46,Female,456,2,154367.7,1,0,1,142445.59,Silver,0
CUST-1003,32,Female,437,8,53538.56,1,0,1,106394.06,Standard,0
CUST-1004,60,Male,478,5,2074.31,1,1,0,76686.11,Standard,1
CUST-1005,25,Male,744,6,134032.48,3,1,1,95924.91,Silver,0
CUST-1006,38,Female,724,3,194552.69,2,1,0,92930.65,Standard,0
CUST-1007,56,Male,690,3,121758.49,1,1,1,98102.5,Gold,0
CUST-1008,36,Female,353,1,24864.45,2,1,0,43352.5,Standard,1
CUST-1009,40,Female,676,4,64825.89,1,0,1,112313.74,Standard,0
CUST-1010,28,Male,759,7,173660.68,2,0,1,43130.41,Silver,0
CUST-1011,28,Male,716,6,47281.05,2,0,0,26827.11,Standard,0
CUST-1012,41,Female,655,6,121931.48,3,0,0,103097.51,Standard,1
CUST-1013,53,Male,745,5,81131.57,2,1,0,39614.2,Gold,1
CUST-1014,57,Female,444,2,42360.9,4,1,0,121301.45,Silver,1
CUST-1015,41,Male,558,4,162867.97,4,1,1,133245.74,Standard,1
CUST-1016,20,Female,574,0,148823.42,3,1,1,143092.1,Silver,0
CUST-1017,39,Male,808,6,132656.62,2,1,1,108059.62,Gold,0
CUST-1018,19,Female,697,8,48030.98,1,0,0,85251.86,Standard,0
CUST-1019,41,Male,829,0,20473.54,1,1,1,69035.14,Silver,0
CUST-1020,61,Female,670,1,115655.71,1,1,0,86365.64,Standard,1
CUST-1021,47,Male,396,2,111181.89,1,1,1,48794.03,Gold,0
CUST-1022,55,Female,825,2,38488.62,2,1,0,68552.83,Silver,1
CUST-1023,19,Female,530,7,12193.09,2,1,1,114741.32,Gold,0
CUST-1024,38,Male,455,6,17060.98,3,1,1,52177.87,Gold,1
CUST-1025,50,Male,548,5,198561.43,1,1,0,58008.39,Standard,1
CUST-1026,29,Male,735,9,156933.2,1,0,1,118666.03,Standard,0
CUST-1027,39,Female,455,9,184475.51,2,1,0,47229.49,Standard,1
CUST-1028,61,Female,629,3,39815.89,1,1,0,55735.95,Standard,1
CUST-1029,42,Female,609,8,192153.14,1,1,0,27193.45,Silver,1
CUST-1030,66,Male,457,0,29388.22,4,0,0,115006.45,Silver,1
CUST-1031,44,Male,368,1,102307.28,2,1,0,102237.95,Standard,1
CUST-1032,59,Female,759,3,166109.44,1,0,0,111798.18,Standard,1
CUST-1033,45,Male,808,2,70610.87,2,0,1,51790.97,Silver,0
CUST-1034,33,Female,645,0,85540.88,2,0,1,110922.05,Standard,0
CUST-1035,32,Male,655,4,26508.84,2,1,0,99547.08,Standard,0
CUST-1036,64,Female,520,6,25461.45,2,1,0,70765.37,Silver,1
CUST-1037,68,Male,680,1,124294.08,1,1,1,79728.23,Standard,0
CUST-1038,61,Male,842,4,135430.94,2,1,1,95990.06,Gold,0
CUST-1039,69,Female,544,5,155689.17,1,1,0,86661.52,Standard,1
CUST-1040,20,Female,361,6,111779.73,1,0,1,105228.51,Silver,0
CUST-1041,54,Female,544,0,129506.1,3,0,0,47622.45,Silver,1
CUST-1042,68,Male,839,6,3689.94,2,1,0,92588.74,Standard,1
CUST-1043,24,Male,632,3,33271.97,2,1,1,81284.94,Standard,0
CUST-1044,38,Female,718,7,196998.04,2,0,0,82627.56,Standard,0
CUST-1045,26,Female,531,3,16122.71,3,1,1,83672.76,Standard,0
CUST-1046,56,Male,799,5,136078.86,3,1,0,135184.0,Standard,1
CUST-1047,35,Male,654,8,36040.44,2,1,1,127328.43,Silver,0
CUST-1048,21,Male,493,4,143627.0,1,0,1,103696.25,Silver,0
CUST-1049,42,Female,735,3,141492.09,1,1,0,114560.87,Silver,0
CUST-1050,31,Male,665,7,47605.61,1,0,1,30350.33,Standard,0
CUST-1051,67,Male,531,8,54657.25,1,1,1,117998.96,Silver,1
CUST-1052,26,Male,379,3,131299.37,2,1,1,85770.59,Standard,0
CUST-1053,43,Male,433,2,78627.12,2,1,1,64718.45,Gold,0
CUST-1054,19,Male,515,7,39715.05,4,1,1,42472.12,Gold,0
CUST-1055,37,Male,633,4,146604.24,2,1,1,34401.1,Silver,0
CUST-1056,45,Male,630,1,31675.36,2,1,0,30610.71,Silver,1
CUST-1057,64,Female,445,9,171273.09,1,0,0,45224.52,Standard,1
CUST-1058,24,Male,730,8,103419.24,1,1,1,28767.97,Standard,0
CUST-1059,61,Female,615,2,22034.42,1,0,0,116580.28,Gold,1
CUST-1060,25,Female,793,1,139120.39,2,0,1,56076.76,Standard,0
CUST-1061,64,Female,647,0,104313.44,1,0,1,71092.55,Standard,0
CUST-1062,52,Female,645,7,60313.46,2,0,1,127839.53,Gold,0
CUST-1063,31,Male,574,2,85085.34,2,1,1,39332.19,Silver,0
CUST-1064,34,Male,682,6,60369.21,1,1,0,129449.25,Standard,0
CUST-1065,53,Female,710,0,53342.14,1,0,1,104942.54,Standard,0
CUST-1066,67,Female,723,0,33558.08,2,0,0,67753.69,Standard,1
CUST-1067,57,Female,391,8,73190.66,1,0,1,39725.9,Silver,1
CUST-1068,21,Female,652,7,50946.45,2,1,1,36436.59,Standard,0
CUST-1069,19,Female,770,2,137003.46,2,1,0,66939.29,Gold,0
CUST-1070,23,Male,595,5,137091.47,2,1,0,42542.75,Silver,0
CUST-1071,59,Male,557,2,100866.21,2,0,1,58463.79,Standard,0
CUST-1072,21,Female,586,3,155810.96,2,1,1,31619.48,Standard,0
CUST-1073,46,Female,371,0,168426.6,4,1,1,99376.05,Silver,1
CUST-1074,35,Male,534,4,116373.53,1,1,0,43159.51,Gold,1
CUST-1075,43,Female,817,0,124168.1,2,1,1,119591.54,Standard,0
CUST-1076,61,Male,591,0,57294.3,1,1,1,52271.87,Gold,0
CUST-1077,51,Female,712,9,179078.97,1,0,0,124747.07,Standard,1
CUST-1078,27,Male,632,6,5817.0,1,0,1,48735.25,Standard,0
CUST-1079,53,Male,390,5,70371.89,2,1,1,115170.82,Gold,1
CUST-1080,31,Female,685,1,144638.28,1,1,1,66634.33,Standard,0
CUST-1081,48,Male,511,1,16937.81,1,0,0,97890.0,Silver,1
CUST-1082,65,Female,509,6,37450.74,4,1,1,29832.73,Standard,1
CUST-1083,32,Female,823,0,118267.86,2,0,1,86905.55,Gold,0
CUST-1084,25,Female,438,1,112438.74,2,1,0,43585.99,Gold,1
CUST-1085,31,Male,671,7,148046.73,2,1,1,85790.03,Gold,0
CUST-1086,40,Male,361,5,162709.92,4,1,1,42669.89,Standard,1
CUST-1087,57,Male,773,1,26587.34,2,0,1,79636.14,Standard,0
CUST-1088,38,Female,422,6,4657.82,1,1,0,38827.6,Silver,1
CUST-1089,33,Female,425,3,138238.07,3,1,0,52493.94,Standard,1
CUST-1090,62,Female,695,1,60976.97,2,1,1,99384.87,Silver,0
CUST-1091,35,Female,550,5,125570.8,1,1,1,147082.58,Silver,0
CUST-1092,64,Female,359,8,30958.37,2,1,1,81148.1,Standard,1
CUST-1093,41,Female,701,8,94338.97,1,1,1,110896.71,Silver,0
CUST-1094,43,Male,575,7,101380.52,3,1,0,92428.08,Gold,1
CUST-1095,42,Female,525,2,117430.49,1,1,1,87294.74,VIP,0
CUST-1096,62,Male,625,2,103120.83,4,1,1,33088.02,Standard,1
CUST-1097,58,Female,388,1,99642.46,3,1,1,43037.18,Standard,1
CUST-1098,46,Female,409,4,67214.1,2,1,1,135382.22,Standard,0
CUST-1099,32,Female,415,3,15164.87,2,1,0,76270.54,Standard,1
CUST-1100,62,Male,670,6,18814.52,1,1,1,101791.56,Standard,0
CUST-1101,18,Male,784,3,87321.88,1,1,0,91029.15,VIP,0
CUST-1102,42,Male,473,8,71802.83,1,1,1,72360.3,Standard,0
CUST-1103,24,Male,513,1,103710.83,2,1,0,73477.07,Standard,0
CUST-1104,26,Male,757,5,61662.8,2,1,1,94433.13,Standard,0
CUST-1105,41,Female,760,6,137894.11,1,1,0,42642.73,Standard,0
CUST-1106,18,Female,735,3,172927.01,1,1,1,73407.38,Standard,0
CUST-1107,61,Male,508,5,60473.77,3,0,0,80871.95,Silver,1
CUST-1108,25,Male,406,6,39403.82,1,0,1,148140.78,Standard,0
CUST-1109,41,Male,427,3,24119.93,3,1,1,68931.85,Standard,1
CUST-1110,28,Female,543,7,123634.55,1,1,0,105572.36,Standard,0
CUST-1111,68,Male,634,8,89327.34,2,0,0,42176.94,Silver,1
CUST-1112,34,Female,364,0,38415.13,1,0,0,33185.17,Standard,1
CUST-1113,25,Male,361,6,130974.21,2,1,1,133942.75,Standard,0
CUST-1114,52,Female,450,8,30548.15,2,1,1,116341.86,Gold,0
CUST-1115,52,Female,505,9,111305.84,1,1,0,64687.41,Standard,1
CUST-1116,50,Male,689,4,105902.53,2,1,1,88072.25,Silver,0
CUST-1117,22,Female,474,1,147111.33,2,1,1,41968.02,Gold,0
CUST-1118,59,Male,708,9,11966.82,2,1,1,113395.04,Standard,0
CUST-1119,56,Female,629,5,177686.71,2,0,1,33791.32,Gold,0
CUST-1120,58,Male,754,6,140895.35,1,1,1,119629.13,Gold,0
CUST-1121,45,Female,743,1,44009.07,2,1,0,93354.56,Standard,1
CUST-1122,24,Female,459,1,37497.66,4,1,0,59856.32,Gold,1
CUST-1123,26,Female,683,9,86900.38,3,1,1,132821.79,Standard,0
CUST-1124,25,Female,706,9,163695.5,4,1,0,148258.98,Standard,1
CUST-1125,29,Male,495,0,168747.05,1,1,0,56793.64,Gold,1
CUST-1126,51,Male,565,3,104570.76,2,1,0,125780.77,Gold,1
CUST-1127,50,Male,747,6,172301.36,2,1,0,118770.79,Silver,1
CUST-1128,65,Male,511,8,2083.3,1,0,0,118398.77,Standard,1
CUST-1129,40,Female,477,2,7999.75,2,1,1,144654.45,Silver,0
CUST-1130,41,Male,663,6,182452.5,2,1,1,85827.14,Silver,0
CUST-1131,54,Female,681,6,155291.05,1,1,1,109271.01,Standard,0
CUST-1132,52,Female,499,6,90690.51,1,1,0,127984.67,VIP,1
CUST-1133,61,Female,803,1,150968.42,2,1,0,84942.06,Standard,1
CUST-1134,57,Male,385,5,191172.25,1,1,0,85178.9,Standard,1
CUST-1135,39,Female,522,1,154645.82,1,1,0,64831.84,Standard,1
CUST-1136,44,Female,769,5,168631.9,1,1,0,122603.21,Standard,0
CUST-1137,52,Male,371,9,152360.71,1,0,1,110774.47,Silver,1
CUST-1138,18,Female,555,2,34474.01,3,1,0,81392.49,Standard,1
CUST-1139,52,Female,476,1,166881.25,2,1,1,77417.08,Silver,0
CUST-1140,54,Male,685,5,39826.66,2,1,1,34073.71,Standard,0
CUST-1141,64,Male,794,1,178629.65,3,0,1,25812.64,Standard,1
CUST-1142,31,Male,705,4,92271.33,2,1,1,91111.75,Silver,0
CUST-1143,20,Male,789,1,135718.37,1,1,0,77186.61,Standard,0
CUST-1144,18,Male,566,2,99950.93,2,0,1,124504.59,Silver,0
CUST-1145,22,Male,445,2,19704.19,1,1,0,92831.76,Silver,0
CUST-1146,43,Male,766,5,58853.74,1,1,1,142088.26,Silver,0
CUST-1147,31,Male,778,5,196762.64,2,1,1,49517.6,Silver,0
CUST-1148,56,Female,513,9,192182.24,2,0,0,148768.79,Gold,1
CUST-1149,44,Female,497,2,64776.89,2,0,0,62239.9,VIP,1
CUST-1150,26,Female,367,2,199263.06,4,0,1,105303.0,Standard,1
CUST-1151,32,Male,643,0,169264.69,2,0,1,87731.71,Silver,0
CUST-1152,32,Male,544,6,122580.94,2,0,1,69947.05,Standard,0
CUST-1153,43,Male,500,7,8984.8,3,1,0,42413.65,Standard,1
CUST-1154,59,Male,829,1,180387.92,1,0,0,41854.27,Standard,1
CUST-1155,30,Male,714,3,111928.43,1,1,1,113938.23,VIP,0
CUST-1156,68,Female,472,9,173826.75,2,1,1,72205.17,Silver,1
CUST-1157,49,Male,749,6,167051.39,2,1,0,145162.25,Standard,1
CUST-1158,56,Female,536,7,166768.24,1,1,0,65706.06,Standard,1
CUST-1159,66,Female,802,0,139936.6,1,0,0,147940.47,Gold,1
CUST-1160,69,Male,801,3,58991.61,1,1,1,50677.91,Standard,0
CUST-1161,49,Male,498,5,67895.89,2,1,0,37851.8,Standard,1
CUST-1162,21,Female,453,2,62385.37,2,1,0,64071.22,Gold,0
CUST-1163,47,Male,592,4,4989.15,3,0,0,135698.1,Silver,1
CUST-1164,54,Male,811,9,116931.21,2,1,1,90231.49,Standard,0
CUST-1165,40,Female,580,8,140067.9,2,1,0,41956.26,Standard,1
CUST-1166,56,Male,828,2,170919.33,2,1,0,50312.38,Gold,1
CUST-1167,62,Female,555,4,28892.92,1,1,0,63907.58,Gold,1
CUST-1168,32,Female,547,7,109292.45,1,1,1,98770.84,Standard,0
CUST-1169,60,Male,745,5,2593.62,2,1,1,66547.37,Standard,0
CUST-1170,46,Male,749,3,19923.64,1,0,1,118381.76,Standard,0
CUST-1171,53,Male,686,7,11788.14,2,1,1,102036.69,Silver,0
CUST-1172,30,Male,842,2,145370.13,2,1,1,134227.97,Silver,0
CUST-1173,49,Male,436,2,17130.85,1,1,1,87620.23,Standard,0
CUST-1174,24,Female,491,3,143574.14,4,1,1,66397.05,Silver,0
CUST-1175,68,Male,666,8,50675.32,2,1,0,149533.95,Silver,1
CUST-1176,39,Male,548,4,175664.88,1,1,1,69454.17,Silver,0
CUST-1177,45,Female,395,7,162816.85,2,1,1,78575.33,Gold,0
CUST-1178,19,Female,637,5,191608.21,2,0,0,126140.9,Standard,0
CUST-1179,59,Female,364,2,176868.64,1,1,0,36079.53,Standard,1
CUST-1180,62,Male,393,7,186732.55,1,1,0,73311.26,Silver,1
CUST-1181,23,Female,750,8,171889.74,2,1,1,35713.76,Gold,0
CUST-1182,45,Female,518,7,138983.0,3,1,1,42413.23,Standard,1
CUST-1183,45,Male,659,3,34881.57,2,1,1,25580.1,Gold,0
CUST-1184,61,Male,844,5,55069.8,3,1,1,26193.04,Standard,1
CUST-1185,61,Female,393,0,43332.67,2,0,0,72535.99,Standard,1
CUST-1186,37,Male,447,3,121113.57,1,1,0,126145.48,Standard,1
CUST-1187,47,Male,610,7,101220.37,2,1,1,98375.55,VIP,0
CUST-1188,28,Male,458,0,173548.92,1,0,0,104364.26,Silver,1
CUST-1189,45,Male,632,2,190581.9,1,1,1,89906.15,Standard,0
CUST-1190,42,Female,721,0,81567.12,2,0,1,127474.14,VIP,0
CUST-1191,56,Female,692,8,101763.76,2,1,0,135047.34,Silver,1
CUST-1192,50,Female,453,1,194331.76,1,1,1,131217.59,Gold,0
CUST-1193,18,Male,605,8,55971.55,3,1,0,126516.51,Standard,1
CUST-1194,44,Male,728,3,158685.76,2,0,1,47839.13,Standard,0
CUST-1195,69,Male,555,1,45822.74,3,0,0,99234.53,Silver,1
CUST-1196,30,Male,684,3,136610.56,1,1,1,97770.4,Silver,0
CUST-1197,58,Male,392,9,51469.51,3,1,1,90993.0,Silver,1
CUST-1198,20,Female,702,5,176862.94,1,1,0,85101.6,Silver,0
CUST-1199,56,Male,594,6,112734.11,1,1,0,36146.31,Silver,1
CUST-1200,23,Female,636,2,38000.79,2,1,0,37770.4,Standard,0
CUST-1201,25,Male,704,2,45649.47,2,1,0,137785.2,Silver,0
CUST-1202,44,Male,622,9,99275.99,2,1,0,103773.3,Standard,1
CUST-1203,26,Male,825,7,192358.8,2,1,1,57789.65,Standard,0
CUST-1204,54,Female,432,4,154158.79,1,1,1,59912.55,Standard,1
CUST-1205,50,Female,459,3,98173.62,2,0,1,101274.35,Silver,0
CUST-1206,68,Female,787,6,68206.11,1,0,0,75866.87,Gold,1
CUST-1207,59,Male,539,6,110304.43,2,1,0,80165.52,Standard,1
CUST-1208,61,Male,820,8,149923.81,1,0,0,32581.25,Standard,1
CUST-1209,41,Female,637,8,157001.79,4,1,0,42342.4,Standard,1
CUST-1210,32,Male,773,4,65597.15,2,0,0,74168.8,Gold,0
CUST-1211,49,Female,746,7,144510.69,2,1,1,112460.8,Silver,0
CUST-1212,49,Male,600,9,131899.97,3,1,1,31003.17,VIP,1
CUST-1213,41,Male,561,0,191863.35,2,0,0,66819.72,Gold,1
CUST-1214,58,Male,640,8,186286.97,1,1,1,111883.99,Standard,0
CUST-1215,69,Male,482,7,158086.49,1,0,1,124006.35,Standard,1
CUST-1216,66,Female,550,5,144955.54,2,0,1,48777.59,Standard,1
CUST-1217,66,Male,634,2,55534.28,1,0,1,116435.89,Standard,1
CUST-1218,69,Male,675,2,169347.09,2,1,0,144426.46,Standard,1
CUST-1219,29,Male,758,7,86073.64,1,1,1,138351.52,Standard,0
CUST-1220,56,Male,444,4,55175.87,1,1,0,123672.01,Silver,1
CUST-1221,19,Female,627,9,77447.99,2,0,1,114040.84,Silver,0
CUST-1222,20,Female,799,6,167351.16,4,1,0,54392.29,Standard,0
CUST-1223,66,Female,778,4,30578.01,2,1,0,104237.9,Silver,1
CUST-1224,54,Female,674,7,91775.59,3,1,0,105409.25,Standard,1
CUST-1225,66,Male,568,9,98979.16,4,1,0,75852.67,Silver,1
CUST-1226,34,Female,438,9,8289.31,1,1,1,86626.93,Silver,0
CUST-1227,66,Male,421,3,39953.46,1,1,1,111753.56,Standard,1
CUST-1228,19,Male,596,1,165521.74,2,0,1,144012.69,Silver,0
CUST-1229,19,Female,478,2,166322.71,3,1,0,61913.28,Silver,1
CUST-1230,45,Male,561,7,59190.6,2,0,0,55795.39,Standard,1
CUST-1231,40,Female,777,6,175104.55,4,1,1,100225.86,Standard,0
CUST-1232,54,Male,692,1,154584.8,1,1,0,41349.89,VIP,1
CUST-1233,49,Female,445,5,84163.59,1,1,1,97816.6,Standard,0
CUST-1234,50,Female,424,8,149932.86,2,1,1,36106.44,Silver,0
CUST-1235,18,Female,772,3,192305.59,2,1,0,86322.98,Gold,0
CUST-1236,36,Female,844,8,92334.97,1,0,1,102551.8,Standard,0
CUST-1237,19,Female,403,1,48447.01,1,1,1,33763.7,Standard,0
CUST-1238,61,Male,693,1,188421.48,1,1,0,50869.14,Gold,1
CUST-1239,43,Male,808,8,121145.11,2,1,0,66921.79,Standard,0
CUST-1240,49,Male,762,6,21947.77,3,0,1,71074.84,Silver,0
CUST-1241,23,Female,403,6,114963.88,3,1,0,109513.08,Silver,1
CUST-1242,49,Male,567,0,100615.6,2,1,1,91127.67,Silver,0
CUST-1243,21,Female,365,5,171262.19,2,1,1,72763.56,VIP,0
CUST-1244,28,Male,448,6,106608.34,2,0,0,81334.53,Gold,1
CUST-1245,34,Male,369,5,51791.25,1,1,1,26622.08,Silver,0
CUST-1246,55,Female,395,5,135453.17,1,1,1,121315.66,Gold,1
CUST-1247,41,Male,800,1,108972.52,1,1,1,30125.59,Gold,0
CUST-1248,22,Male,542,5,47375.88,2,0,0,128664.69,VIP,0
CUST-1249,69,Male,732,3,115151.94,3,1,1,92624.57,Silver,1
CUST-1250,51,Female,407,8,164485.58,2,0,1,90977.4,Standard,1
CUST-1251,23,Female,786,0,6685.61,2,1,1,113072.33,Silver,0
CUST-1252,39,Male,460,7,126539.36,1,1,1,132444.94,Standard,0
CUST-1253,28,Male,478,4,70567.45,2,1,0,142830.77,Standard,1
CUST-1254,65,Male,686,0,59241.62,2,0,1,92921.24,Standard,0
CUST-1255,33,Female,543,3,79124.96,2,1,0,43832.28,Gold,1
CUST-1256,50,Female,762,0,69062.51,1,0,0,134828.87,Standard,1
CUST-1257,26,Male,689,5,166615.58,3,1,0,30084.0,Silver,1
CUST-1258,23,Male,675,1,55684.76,2,0,1,125917.15,Silver,0
CUST-1259,33,Male,357,4,146897.45,3,1,1,110052.7,Standard,1
CUST-1260,46,Female,378,6,19717.9,2,1,1,138090.95,Silver,0
CUST-1261,20,Female,461,1,190327.88,4,1,1,137182.89,Silver,0
CUST-1262,37,Male,784,5,124841.01,1,1,1,31644.26,Gold,0
CUST-1263,53,Male,510,5,141637.0,1,1,0,101180.8,Standard,1
CUST-1264,36,Male,480,4,60309.83,1,1,1,40583.93,Standard,0
CUST-1265,43,Female,537,4,83007.22,1,1,1,34808.58,Silver,0
CUST-1266,20,Male,512,2,45531.9,2,1,1,81034.64,Standard,0
CUST-1267,36,Female,546,9,186574.68,2,1,1,37199.69,Standard,0
CUST-1268,37,Female,824,9,98132.78,2,1,0,115987.8,Standard,0
CUST-1269,49,Male,713,1,126459.18,1,1,1,146117.59,Silver,0
CUST-1270,24,Male,553,6,147120.13,3,1,0,96197.87,Standard,1
CUST-1271,69,Male,561,0,74850.11,1,1,0,54396.11,Silver,1
CUST-1272,58,Female,458,5,144300.23,1,1,0,130400.8,VIP,1
CUST-1273,50,Female,625,5,135522.51,2,0,1,131637.92,Silver,0
CUST-1274,57,Female,422,2,141426.21,2,0,0,116598.25,Standard,1
CUST-1275,56,Female,516,1,98356.75,1,1,1,101891.52,Standard,0
CUST-1276,35,Male,609,1,77204.54,1,1,0,133474.06,Standard,1
CUST-1277,57,Female,592,8,45194.36,2,1,1,45411.46,Standard,0
CUST-1278,18,Female,624,4,165100.64,1,1,1,141450.02,Standard,0
CUST-1279,28,Male,451,6,122061.66,1,1,0,143400.39,Standard,1
CUST-1280,45,Female,824,4,89426.09,2,1,0,133999.05,Silver,0
CUST-1281,42,Female,522,6,188855.19,1,1,1,56332.75,Gold,0
CUST-1282,67,Female,520,3,10519.92,1,1,1,132272.3,Gold,1
CUST-1283,40,Female,490,7,170184.22,2,1,0,87204.78,Standard,1
CUST-1284,48,Female,746,9,199518.94,4,1,1,99366.28,Silver,0
CUST-1285,47,Female,537,9,177501.48,4,1,1,130075.08,Standard,1
CUST-1286,59,Male,790,6,162276.88,1,1,0,28697.86,Silver,1
CUST-1287,52,Male,435,9,75486.89,1,1,0,70367.82,Standard,1
CUST-1288,24,Female,825,4,47031.52,1,0,0,126961.67,Gold,0
CUST-1289,33,Male,401,5,147235.25,1,0,0,126744.35,Gold,1
CUST-1290,43,Male,460,4,61610.5,2,1,1,131085.99,Standard,0
CUST-1291,65,Male,786,6,36031.9,2,1,0,46151.99,Silver,1
CUST-1292,69,Male,714,1,157518.65,2,1,1,113235.83,Silver,0
CUST-1293,66,Female,691,4,63196.19,1,1,1,43312.92,Standard,0
CUST-1294,19,Female,392,9,182973.9,1,1,0,123137.25,Silver,0
CUST-1295,18,Male,560,2,168285.9,2,1,1,55640.75,Silver,0
CUST-1296,65,Male,805,8,169680.43,1,1,1,117227.22,Gold,0
CUST-1297,29,Male,849,5,154542.38,2,1,1,81875.2,Silver,0
CUST-1298,22,Female,549,9,176295.4,2,0,1,148282.93,Silver,0
CUST-1299,54,Female,647,2,161343.63,2,0,0,97486.73,Gold,1
CUST-1300,49,Male,695,6,120899.76,2,1,1,104072.42,VIP,0
CUST-1301,26,Female,589,3,59868.72,2,1,1,71020.44,Standard,0
CUST-1302,58,Female,464,2,177753.63,1,1,1,116815.02,Standard,1
CUST-1303,52,Female,375,7,168280.12,1,0,1,86860.71,Silver,1
CUST-1304,36,Female,756,3,95102.99,2,0,1,27258.33,VIP,0
CUST-1305,65,Male,648,0,8776.66,1,0,0,101072.7,Standard,1
CUST-1306,33,Female,426,5,128070.2,2,1,1,128807.45,Standard,0
CUST-1307,20,Male,761,9,11068.77,2,0,0,54600.22,Standard,0
CUST-1308,37,Female,486,0,185329.71,3,1,1,52632.97,Silver,1
CUST-1309,41,Female,369,4,192364.62,4,0,1,101110.77,Gold,1
CUST-1310,50,Female,789,6,38708.54,1,0,1,127247.41,Standard,0
CUST-1311,41,Female,560,5,135601.49,4,1,1,56202.54,Standard,1
CUST-1312,69,Male,589,1,19361.53,2,1,1,141532.83,Gold,1
CUST-1313,28,Female,388,3,146173.87,2,0,1,140923.42,Standard,0
CUST-1314,66,Female,784,1,70110.25,1,1,1,50067.08,Gold,0
CUST-1315,25,Female,617,0,136528.97,3,1,1,57973.05,Standard,0
CUST-1316,53,Male,556,2,75202.43,1,1,0,112574.85,Silver,1
CUST-1317,55,Male,828,2,29967.93,2,1,0,143966.64,Silver,1
CUST-1318,57,Male,788,6,81815.89,1,1,1,113735.34,Silver,0
CUST-1319,37,Female,811,0,23422.03,2,1,0,80612.51,Gold,0
CUST-1320,52,Female,616,8,115799.77,1,1,0,46125.17,VIP,1
CUST-1321,65,Male,503,5,9149.35,1,1,1,82626.23,Gold,1
CUST-1322,42,Male,391,3,105936.62,1,1,0,100845.97,Standard,1
CUST-1323,52,Female,760,2,177387.36,1,1,0,66368.99,Standard,1
CUST-1324,42,Female,360,2,167736.78,1,1,1,88782.23,Standard,0
CUST-1325,46,Female,643,1,176673.56,2,1,0,41276.77,Gold,1
CUST-1326,35,Female,447,1,184487.71,2,1,0,81523.51,Silver,1
CUST-1327,63,Male,776,9,21801.05,2,0,1,36346.98,VIP,0
CUST-1328,35,Male,624,4,26620.69,2,1,1,31136.09,VIP,0
CUST-1329,19,Female,797,8,111844.35,1,0,0,132154.99,Silver,0
CUST-1330,52,Female,739,1,178900.56,1,1,0,50635.2,Gold,1
CUST-1331,33,Female,779,1,194895.54,1,0,1,96894.42,VIP,0
CUST-1332,58,Female,721,5,10206.12,3,1,1,43622.84,Gold,1
CUST-1333,53,Female,579,9,71799.04,3,1,0,57815.95,Silver,1
CUST-1334,50,Male,718,1,43365.96,1,1,1,70167.43,Gold,0
CUST-1335,21,Male,775,3,151437.2,1,1,0,42959.55,Standard,0
CUST-1336,50,Male,569,5,128398.58,3,1,1,30745.29,Silver,1
CUST-1337,31,Male,414,4,24857.72,3,1,1,134644.98,Standard,1
CUST-1338,38,Female,704,0,97220.89,3,1,1,26479.1,Standard,0
CUST-1339,65,Female,581,5,137402.66,2,0,1,32665.12,Gold,1
CUST-1340,37,Male,677,0,156022.07,2,1,1,125634.02,Silver,0
CUST-1341,25,Male,792,2,4990.49,1,1,0,60251.04,Standard,0
CUST-1342,24,Female,401,9,178203.45,2,1,0,115352.54,Standard,1
CUST-1343,20,Male,723,4,114287.0,2,1,1,43278.22,VIP,0
CUST-1344,34,Female,780,9,162569.91,2,0,0,54660.22,Gold,0
CUST-1345,50,Female,725,4,161779.67,2,0,1,96597.06,Standard,0
CUST-1346,65,Female,612,9,38780.68,1,0,1,148579.48,VIP,1
CUST-1347,29,Male,616,5,22924.25,1,0,1,34180.56,Standard,0
CUST-1348,68,Male,708,9,144536.17,1,1,1,75069.32,Silver,0
CUST-1349,39,Female,666,7,32128.96,1,1,0,30385.12,Silver,1
CUST-1350,39,Female,673,4,170137.56,2,1,0,49903.31,Gold,1
CUST-1351,63,Male,758,0,145511.71,2,0,1,138433.88,Gold,0
CUST-1352,47,Female,745,4,168523.25,2,0,0,37057.51,Standard,1
CUST-1353,55,Male,503,2,60503.52,1,1,1,132106.99,Silver,0
CUST-1354,55,Female,707,3,64003.01,2,1,1,47225.4,Standard,0
CUST-1355,62,Male,715,7,134573.09,1,0,1,132723.11,Silver,0
CUST-1356,68,Female,489,6,7257.75,2,1,0,92252.75,Silver,1
CUST-1357,25,Male,776,4,145572.85,1,0,1,134775.83,Standard,0
CUST-1358,44,Male,400,1,167320.83,1,1,0,43962.96,Standard,1
CUST-1359,44,Male,466,5,83617.55,3,1,1,120254.57,Standard,1
CUST-1360,51,Male,770,5,153210.89,2,1,1,110087.32,Silver,0
CUST-1361,38,Female,395,9,35747.57,1,1,0,92866.67,Silver,1
CUST-1362,47,Female,658,9,65129.82,1,1,1,126323.42,Standard,0
CUST-1363,50,Male,437,5,194886.69,2,1,0,106034.5,VIP,1
CUST-1364,45,Male,557,8,197279.31,1,0,0,134630.87,Standard,1
CUST-1365,64,Female,726,7,103008.41,3,1,0,72632.77,Silver,1
CUST-1366,50,Female,618,7,186919.69,2,0,1,98740.4,Silver,0
CUST-1367,22,Female,438,0,105023.4,2,1,1,133825.11,Standard,0
CUST-1368,65,Male,730,4,59026.04,2,0,0,51851.76,Standard,1
CUST-1369,36,Male,467,6,54112.96,1,1,0,85717.67,Gold,1
CUST-1370,21,Female,403,5,185971.64,1,1,0,145092.73,Silver,1
CUST-1371,52,Male,790,4,35316.83,1,1,1,84200.23,Standard,0
CUST-1372,66,Female,465,7,116346.86,2,1,1,56603.68,Standard,1
CUST-1373,34,Male,467,2,111549.49,1,0,1,68884.53,Gold,0
CUST-1374,61,Female,609,5,148184.72,3,1,1,135635.51,Standard,1
CUST-1375,45,Male,424,4,100349.34,1,1,1,144360.38,Gold,0
CUST-1376,47,Female,829,7,55184.85,1,0,1,143763.46,Standard,0
CUST-1377,46,Male,654,3,34709.9,1,1,1,112367.8,Silver,0
CUST-1378,63,Female,356,7,124542.94,1,0,0,88700.24,Standard,1
CUST-1379,23,Male,715,9,144079.16,1,1,0,47836.12,Gold,0
CUST-1380,52,Female,471,1,114334.73,1,0,1,40402.63,Silver,0
CUST-1381,58,Female,360,8,147931.9,1,1,1,32470.83,Silver,1
CUST-1382,54,Female,697,8,29162.72,2,0,0,27214.36,Standard,1
CUST-1383,41,Female,787,9,176611.57,2,1,1,134764.59,Standard,0
CUST-1384,46,Female,838,9,116896.71,1,1,0,126135.79,Standard,0
CUST-1385,66,Female,564,5,26241.94,2,1,0,95977.67,Standard,1
CUST-1386,63,Male,778,3,92923.12,2,1,0,149840.41,Gold,1
CUST-1387,48,Female,628,3,169113.56,4,1,0,144131.51,Silver,1
CUST-1388,52,Male,847,5,179614.88,2,1,1,106888.62,Standard,0
CUST-1389,50,Male,377,4,53665.25,1,1,0,83071.82,VIP,1
CUST-1390,69,Male,584,5,142541.9,2,0,1,44021.34,Gold,1
CUST-1391,38,Male,716,6,20897.06,2,1,1,89449.23,Silver,0
CUST-1392,49,Female,662,6,7675.63,1,0,1,44717.96,Silver,0
CUST-1393,40,Female,375,8,112519.39,3,1,1,74806.41,Gold,1
CUST-1394,50,Female,758,7,139270.69,1,1,1,142831.01,Silver,0
CUST-1395,20,Male,403,5,159361.56,4,0,1,67747.37,Silver,0
CUST-1396,35,Male,378,5,68703.03,2,0,0,44098.41,Silver,1
CUST-1397,42,Male,816,4,2298.56,2,1,0,97799.58,Standard,0
CUST-1398,59,Male,702,0,96424.33,2,1,1,100295.52,Gold,0
CUST-1399,48,Male,513,8,4154.86,2,1,1,49225.53,Silver,0
CUST-1400,20,Male,619,8,19304.92,2,1,1,49573.32,Silver,0
CUST-1401,57,Male,683,8,66011.12,3,1,0,148693.72,Standard,1
CUST-1402,63,Female,384,7,87997.24,2,1,1,55410.13,Standard,1
CUST-1403,41,Female,635,9,56614.42,3,1,0,129774.0,Standard,1
CUST-1404,67,Female,697,2,116791.19,3,1,1,83790.48,Standard,1
CUST-1405,49,Female,622,0,12014.61,4,0,0,79373.65,Silver,1
CUST-1406,64,Female,800,7,29771.36,2,0,1,61870.3,Standard,0
CUST-1407,39,Male,557,6,139356.42,2,1,1,121728.22,Standard,0
CUST-1408,40,Female,587,4,29286.03,1,1,1,135082.61,Silver,0
CUST-1409,19,Female,763,9,128315.27,2,1,1,57640.93,Silver,0
CUST-1410,44,Male,849,6,11882.24,1,0,0,36887.08,Standard,0
CUST-1411,59,Male,442,9,82069.07,1,1,0,42114.94,Standard,1
CUST-1412,19,Female,522,3,36304.48,1,1,1,124100.44,Gold,0
CUST-1413,43,Male,428,8,22817.62,3,1,0,79478.36,Standard,1
CUST-1414,34,Female,459,9,113839.52,3,1,1,41489.33,Gold,1
CUST-1415,57,Female,566,1,185738.82,2,1,0,67536.03,Standard,1
CUST-1416,50,Male,784,8,11902.62,2,0,1,89279.44,Silver,0
CUST-1417,26,Male,707,8,84889.3,2,1,0,131506.46,Standard,0
CUST-1418,60,Male,455,4,141799.55,2,1,1,105217.91,Gold,1
CUST-1419,65,Male,396,0,93074.88,1,1,1,47004.1,Standard,1
CUST-1420,56,Male,530,6,161492.69,1,1,1,44837.84,Standard,0
CUST-1421,46,Female,413,9,36749.42,1,1,1,76541.78,Standard,0
CUST-1422,59,Male,595,9,191959.25,2,1,0,34399.11,Gold,1
CUST-1423,43,Male,593,3,77647.36,2,1,1,119447.15,Gold,0
CUST-1424,52,Male,771,8,68972.36,2,0,0,75181.73,Standard,1
CUST-1425,67,Female,669,5,175046.55,4,0,0,67877.97,Standard,1
CUST-1426,42,Male,436,2,113209.54,1,1,0,88638.54,Silver,1
CUST-1427,41,Male,566,5,103772.42,1,0,0,113619.6,Gold,1
CUST-1428,30,Female,839,9,145668.61,1,0,0,96168.37,Silver,0
CUST-1429,24,Female,356,5,116387.01,1,1,0,125300.35,Gold,1
CUST-1430,53,Male,627,4,33340.61,1,1,0,103670.32,Standard,1
CUST-1431,62,Female,686,1,135165.33,1,1,1,123496.28,Standard,0
CUST-1432,37,Male,559,9,27560.31,2,1,0,112097.78,Standard,1
CUST-1433,18,Male,846,9,161365.68,1,0,0,49140.36,Silver,0
CUST-1434,25,Male,518,1,197957.58,2,1,0,31544.31,Standard,0
CUST-1435,63,Male,679,6,76100.14,2,1,1,137924.6,Standard,0
CUST-1436,33,Female,487,1,89506.42,1,1,1,143207.02,Standard,0
CUST-1437,31,Male,790,5,10240.3,2,1,0,115866.54,Silver,0
CUST-1438,29,Male,740,4,3732.9,1,1,0,115525.73,Standard,0
CUST-1439,68,Female,845,3,184362.45,2,1,1,58768.39,Standard,0
CUST-1440,40,Female,730,6,26596.19,3,1,1,92805.21,Gold,0
CUST-1441,32,Male,655,7,89709.97,1,0,1,149029.96,Standard,0
CUST-1442,45,Female,579,3,163255.57,3,0,0,132017.95,Standard,1
CUST-1443,51,Male,824,0,177974.43,2,0,1,63049.29,Silver,0
CUST-1444,19,Female,657,0,104360.14,3,0,0,62630.73,Gold,1
CUST-1445,49,Female,510,0,113441.47,2,0,0,85447.16,Silver,1
CUST-1446,40,Female,350,0,134267.11,1,1,0,75574.83,Standard,1
CUST-1447,39,Male,585,4,192315.11,3,1,1,71394.13,Gold,1
CUST-1448,68,Male,786,3,120931.32,1,1,0,103371.49,Silver,1
CUST-1449,42,Male,537,8,112335.58,1,1,0,26436.56,Standard,1
CUST-1450,39,Male,767,2,3892.29,1,1,1,120417.45,Silver,0
CUST-1451,39,Male,353,6,17108.99,1,0,1,117506.62,Silver,0
CUST-1452,66,Female,750,7,115857.15,2,1,0,128790.71,Silver,1
CUST-1453,69,Male,481,5,187311.84,2,1,0,130181.33,Gold,1
CUST-1454,59,Male,776,9,173471.58,3,1,0,95799.96,Silver,1
CUST-1455,23,Female,567,0,196533.21,1,1,1,122509.24,Gold,0
CUST-1456,32,Male,609,7,106038.97,4,0,1,86549.39,Silver,0
CUST-1457,60,Female,350,9,157798.26,3,1,1,143941.23,Standard,1
CUST-1458,54,Male,420,2,168239.67,1,1,0,48837.32,Silver,1
CUST-1459,50,Male,827,7,129958.3,1,1,0,139452.14,Standard,1
CUST-1460,25,Male,527,3,68411.23,2,0,1,57316.3,Standard,0
CUST-1461,61,Male,806,7,94525.71,2,1,1,37840.42,Silver,0
CUST-1462,61,Female,538,0,171725.5,2,1,0,79888.06,Silver,1
CUST-1463,22,Male,640,2,60411.04,2,0,0,101864.66,Standard,0
CUST-1464,56,Female,357,5,184824.88,2,1,1,53873.73,Standard,1
CUST-1465,21,Male,602,8,46731.46,1,1,0,94474.53,Standard,0
CUST-1466,23,Male,757,1,150153.77,2,1,0,125986.67,Gold,0
CUST-1467,62,Female,816,0,126481.29,1,0,1,57135.62,Standard,0
CUST-1468,49,Male,641,9,150170.29,2,1,1,97540.28,Silver,0
CUST-1469,69,Female,783,2,88032.17,2,1,1,67414.07,Silver,0
CUST-1470,47,Female,593,3,186595.57,2,1,1,91221.06,Standard,0
CUST-1471,64,Female,472,4,126861.97,4,1,0,108364.88,Standard,1
CUST-1472,52,Female,648,2,58370.87,2,1,1,68802.82,Standard,0
CUST-1473,57,Male,632,9,128052.56,2,1,1,149310.36,Gold,0
CUST-1474,69,Male,381,1,58076.33,2,1,1,95471.9,Silver,1
CUST-1475,33,Male,683,1,59432.85,4,1,1,128057.69,Silver,0
CUST-1476,30,Female,726,6,80520.1,2,1,0,115641.9,Silver,0
CUST-1477,67,Female,495,8,170633.65,1,1,1,131600.66,Standard,1
CUST-1478,59,Male,505,9,100559.28,4,1,1,46725.12,Standard,1
CUST-1479,47,Female,762,1,136101.27,2,1,0,52819.21,Gold,1
CUST-1480,36,Male,365,6,79001.58,1,1,1,85926.4,Gold,0
CUST-1481,34,Female,704,6,53457.48,2,0,0,131541.08,Silver,0
CUST-1482,36,Male,396,6,190973.39,3,1,1,49700.82,Silver,1
CUST-1483,45,Female,600,2,121112.67,2,1,0,146383.23,Standard,1
CUST-1484,43,Female,536,6,186856.32,1,1,0,40950.29,Standard,1
CUST-1485,54,Male,380,0,41479.19,2,1,1,46884.74,Silver,1
CUST-1486,43,Male,609,9,30231.94,2,0,0,45904.22,Gold,1
CUST-1487,40,Male,770,0,171308.76,2,1,1,98250.74,Standard,0
CUST-1488,26,Male,366,4,136502.53,1,1,0,139692.64,Standard,1
CUST-1489,29,Male,388,1,38129.12,1,1,1,56888.92,Standard,0
CUST-1490,18,Female,653,8,54602.58,2,1,0,94129.61,Standard,0
CUST-1491,18,Female,779,6,160332.12,2,1,1,46971.56,Silver,0
CUST-1492,64,Female,823,3,91319.86,1,1,0,103892.11,VIP,1
CUST-1493,51,Male,781,3,134437.56,1,0,0,40405.79,Gold,1
CUST-1494,49,Female,388,1,64352.05,1,0,0,86413.85,Gold,1
CUST-1495,65,Female,838,4,76864.76,2,1,1,106897.73,Silver,0
CUST-1496,42,Male,481,3,198151.8,1,1,1,97390.99,Standard,0
CUST-1497,57,Female,379,0,50275.8,1,0,1,42500.06,VIP,1
CUST-1498,62,Female,507,7,101784.82,1,1,1,45171.67,Standard,1
CUST-1499,18,Male,627,2,169036.07,2,1,1,108923.88,Gold,0
CUST-1500,33,Male,552,5,48605.42,1,0,1,126113.66,Silver,0
CUST-1501,56,Male,415,3,83627.54,1,1,1,138509.3,Standard,1
CUST-1502,22,Male,457,8,123403.17,3,1,1,126701.44,Silver,0
CUST-1503,39,Female,617,6,96756.44,1,1,1,146740.48,Standard,0
CUST-1504,46,Female,571,8,92440.95,1,1,1,76031.48,Standard,0
CUST-1505,20,Female,641,9,73139.44,3,0,1,66395.72,Standard,0
CUST-1506,29,Male,367,2,117742.62,1,1,0,28523.01,Gold,1
CUST-1507,43,Male,439,0,125250.17,2,0,1,81236.98,Silver,0
CUST-1508,33,Female,530,4,131004.62,1,1,1,106421.44,Standard,0
CUST-1509,68,Female,604,2,15003.25,2,1,1,126926.08,Standard,1
CUST-1510,54,Male,804,5,126575.8,1,1,1,58431.92,Silver,0
CUST-1511,39,Male,602,7,190694.2,2,1,0,89198.91,Standard,1
CUST-1512,46,Female,606,3,108656.26,1,1,1,107751.2,Silver,0
CUST-1513,31,Male,732,4,143338.15,1,1,1,93950.36,Silver,0
CUST-1514,45,Male,791,4,111789.73,2,0,0,59252.59,Standard,0
CUST-1515,22,Female,695,3,171093.38,4,0,0,124535.3,Standard,1
CUST-1516,64,Male,436,3,185987.04,1,1,1,46670.13,Silver,1
CUST-1517,66,Male,439,3,37659.76,2,1,1,138122.48,Standard,1
CUST-1518,47,Male,586,3,87935.15,1,0,1,144074.59,Standard,0
CUST-1519,63,Male,739,3,79084.04,2,1,1,70696.66,Standard,0
CUST-1520,69,Female,419,4,81637.81,1,1,1,72022.72,Standard,1
CUST-1521,22,Male,393,1,25979.31,2,0,0,117909.78,Gold,1
CUST-1522,29,Male,549,1,162909.53,1,1,1,82036.07,Silver,0
CUST-1523,33,Female,501,8,8117.48,1,1,0,28576.27,Silver,1
CUST-1524,43,Female,435,1,106117.09,1,1,1,139984.59,Standard,0
CUST-1525,43,Female,368,5,132713.8,1,1,1,78843.79,Standard,0
CUST-1526,65,Male,450,1,42286.42,3,1,0,50436.89,Standard,1
CUST-1527,38,Male,751,4,181264.19,4,1,1,94458.01,Gold,0
CUST-1528,56,Female,444,3,167871.29,2,0,1,52363.27,Standard,1
CUST-1529,53,Female,603,6,94745.66,1,1,1,50752.75,Silver,0
CUST-1530,50,Male,706,6,82818.64,1,1,1,93216.42,Standard,0
CUST-1531,47,Male,379,5,48077.02,2,1,1,73880.29,Gold,0
CUST-1532,54,Male,598,9,146268.65,4,0,1,96624.16,Gold,1
CUST-1533,40,Female,775,4,27217.02,2,0,1,149603.18,Standard,0
CUST-1534,27,Female,382,0,136367.31,2,0,1,132377.27,Silver,0
CUST-1535,22,Male,807,2,168648.94,4,1,0,25958.85,Standard,0
CUST-1536,53,Male,578,8,46465.84,3,0,1,31319.46,Silver,1
CUST-1537,51,Female,361,0,173419.05,1,1,1,101259.93,Standard,1
CUST-1538,69,Female,467,4,7631.32,1,1,0,103282.01,Standard,1
CUST-1539,48,Male,699,1,182644.69,2,1,0,134773.86,Standard,1
CUST-1540,27,Female,504,3,24554.08,2,1,1,103632.15,Gold,0
CUST-1541,36,Female,772,0,129506.08,1,0,1,53464.32,Gold,0
CUST-1542,49,Male,742,2,50766.41,1,1,0,83564.53,Standard,1
CUST-1543,18,Female,595,9,167473.93,2,1,1,126123.18,Silver,0
CUST-1544,22,Male,754,6,102947.77,2,1,0,140353.12,Standard,0
CUST-1545,62,Female,681,9,27913.0,1,1,0,54614.39,Standard,1
CUST-1546,21,Female,596,2,114627.32,2,1,1,92450.59,Gold,0
CUST-1547,33,Female,378,3,82168.64,2,1,1,44865.94,Standard,0
CUST-1548,41,Female,510,1,132628.12,2,1,0,87124.96,Silver,1
CUST-1549,33,Male,584,2,176498.75,1,1,1,36264.27,Standard,0
CUST-1550,19,Female,539,8,82468.44,2,0,1,142716.01,Standard,0
CUST-1551,66,Female,466,2,58686.26,2,0,1,104757.06,Standard,1
CUST-1552,45,Male,620,4,3888.5,1,0,0,131777.09,Gold,1
CUST-1553,49,Female,607,1,115392.97,2,0,0,149786.9,Silver,1
CUST-1554,44,Female,529,3,81052.68,1,1,0,47833.25,Standard,1
CUST-1555,37,Male,836,6,75555.19,1,0,0,111767.93,Gold,0
CUST-1556,41,Female,722,6,37404.13,1,1,1,135873.29,Gold,0
CUST-1557,29,Female,521,2,86581.01,1,0,0,96992.27,Standard,1
CUST-1558,67,Male,787,4,196903.95,1,1,1,104962.05,Standard,0
CUST-1559,52,Female,623,0,60253.08,2,0,0,75958.89,Standard,1
CUST-1560,50,Male,608,9,120341.18,1,1,1,109345.1,Standard,0
CUST-1561,50,Male,484,9,155520.89,4,1,1,74447.24,Silver,1
CUST-1562,68,Male,520,9,150082.41,2,1,0,84577.45,Standard,1
CUST-1563,60,Female,559,0,66426.08,1,1,1,37863.97,Standard,0
CUST-1564,54,Female,585,4,122561.16,1,0,0,25976.05,Standard,1
CUST-1565,29,Male,771,9,174381.67,2,1,0,31893.89,Standard,0
CUST-1566,20,Male,770,8,4074.04,2,1,1,49065.21,Silver,0
CUST-1567,18,Female,535,0,87711.14,1,0,1,82075.48,Silver,0
CUST-1568,50,Male,766,0,45630.41,1,1,0,27624.26,Standard,1
CUST-1569,57,Female,713,3,78337.83,2,1,1,44492.08,Standard,0
CUST-1570,27,Female,792,3,83781.93,1,1,0,122680.58,Standard,0
CUST-1571,60,Male,444,1,149587.52,3,1,0,120270.82,Gold,1
CUST-1572,61,Female,727,8,19670.55,2,0,0,123716.29,Standard,1
CUST-1573,46,Male,360,8,103004.2,1,0,0,140192.62,Standard,1
CUST-1574,30,Female,417,1,113274.76,1,0,0,39883.88,Standard,1
CUST-1575,29,Female,728,8,99337.36,1,1,0,45392.48,Standard,0
CUST-1576,48,Female,559,5,146642.78,2,1,0,66694.2,Standard,1
CUST-1577,63,Male,545,7,77374.46,1,1,0,139392.65,Silver,1
CUST-1578,19,Female,718,9,189048.45,1,0,1,121934.72,Gold,0
CUST-1579,68,Male,447,3,96878.89,2,1,1,65515.16,Standard,1
CUST-1580,67,Male,442,1,114671.57,1,1,0,35954.48,Silver,1
CUST-1581,52,Male,821,1,165280.63,2,1,1,102047.5,Silver,0
CUST-1582,40,Female,371,8,55771.99,2,1,1,57102.4,Standard,0
CUST-1583,34,Female,799,0,15965.2,2,0,1,91394.07,Standard,0
CUST-1584,43,Female,521,6,141849.01,3,1,0,142725.42,Standard,1
CUST-1585,25,Female,732,2,97119.36,2,1,1,96577.16,Gold,0
CUST-1586,46,Male,483,2,179404.35,1,1,1,140479.3,Gold,0
CUST-1587,43,Female,775,1,196553.33,1,0,1,74129.85,Standard,0
CUST-1588,27,Male,374,9,80422.76,1,1,0,104168.92,Standard,1
CUST-1589,43,Female,534,5,83672.36,2,1,1,136736.25,Silver,0
CUST-1590,51,Female,434,9,82184.56,1,1,1,98498.41,Standard,0
CUST-1591,68,Female,404,1,65586.27,4,1,1,101862.33,Silver,1
CUST-1592,58,Female,600,9,156555.73,2,0,1,114538.5,Standard,0
CUST-1593,24,Male,493,3,152040.16,1,1,0,135263.47,VIP,0
CUST-1594,21,Male,700,9,96250.33,2,0,0,36022.51,Silver,0
CUST-1595,67,Female,747,8,9887.58,1,1,1,67107.42,Standard,0
CUST-1596,62,Male,516,8,62602.3,2,0,1,74710.59,Silver,1
CUST-1597,28,Male,761,5,59168.31,2,0,0,138713.71,Standard,0
CUST-1598,46,Male,573,3,162406.36,1,1,1,144500.99,Standard,0
CUST-1599,53,Female,569,6,18427.54,1,1,1,40047.56,Silver,0
CUST-1600,42,Male,528,0,161329.4,3,1,1,39888.46,Standard,1
CUST-1601,38,Male,468,3,134167.55,2,1,1,141857.72,Silver,0
CUST-1602,53,Female,782,4,146755.85,4,1,1,61971.49,Standard,1
CUST-1603,27,Female,614,7,87010.42,1,1,0,55226.8,Silver,0
CUST-1604,54,Male,791,1,136265.43,1,0,1,29452.86,Standard,0
CUST-1605,26,Male,778,4,122196.76,1,1,1,59449.49,Silver,0
CUST-1606,41,Male,499,5,154027.06,2,0,1,111690.8,Standard,0
CUST-1607,52,Male,765,4,89907.2,1,1,1,78254.52,Standard,0
CUST-1608,66,Male,802,8,95092.3,1,1,1,89608.79,Standard,0
CUST-1609,52,Female,564,9,129071.67,2,0,1,139661.95,Standard,0
CUST-1610,65,Female,546,0,22507.42,2,1,1,39336.22,Standard,1
CUST-1611,53,Female,391,2,87812.65,1,1,0,33905.09,Standard,1
CUST-1612,35,Male,402,1,194418.22,2,0,0,131491.34,VIP,1
CUST-1613,66,Female,829,2,8472.91,2,0,1,121856.97,Standard,0
CUST-1614,56,Male,792,9,63884.94,1,1,1,57966.77,Silver,0
CUST-1615,49,Female,679,8,63507.85,1,1,0,65529.27,Silver,1
CUST-1616,41,Female,600,8,127059.36,1,1,1,63784.73,Standard,0
CUST-1617,40,Male,644,9,22054.27,2,1,1,105976.1,Silver,0
CUST-1618,49,Female,727,1,126080.26,2,1,0,32651.44,Gold,1
CUST-1619,54,Male,620,2,19913.01,1,1,0,86175.2,Standard,1
CUST-1620,29,Female,804,3,19895.78,1,1,1,41734.12,Gold,0
CUST-1621,66,Male,762,8,145908.49,3,0,1,127467.32,Standard,1
CUST-1622,30,Male,472,2,65502.9,4,0,0,72582.88,Silver,1
CUST-1623,40,Female,716,6,195507.17,2,1,1,90946.52,Standard,0
CUST-1624,42,Male,736,2,8433.23,4,1,0,28664.7,Standard,1
CUST-1625,52,Female,688,6,89576.23,2,1,1,32283.04,Silver,0
CUST-1626,58,Male,615,6,23514.05,2,1,1,109381.85,Standard,0
CUST-1627,47,Female,697,8,70924.41,1,1,1,120846.32,Standard,0
CUST-1628,34,Female,378,1,199646.27,1,1,0,113754.45,Standard,1
CUST-1629,66,Male,812,5,177879.66,1,1,0,117127.33,Silver,1
CUST-1630,37,Male,384,8,10616.56,2,0,1,38077.48,Silver,0
CUST-1631,65,Male,355,1,113087.91,3,0,0,111681.36,Standard,1
CUST-1632,42,Male,745,1,129916.64,2,0,0,47718.45,Standard,0
CUST-1633,39,Male,460,4,42697.39,1,1,0,37251.93,Silver,1
CUST-1634,30,Female,643,9,29876.01,1,1,0,119645.1,Silver,0
CUST-1635,36,Female,426,9,180971.85,1,1,1,136175.76,Standard,0
CUST-1636,66,Female,698,9,193794.47,1,0,1,114588.74,Standard,0
CUST-1637,53,Female,496,7,198386.68,2,1,0,125696.68,Standard,1
CUST-1638,29,Female,416,8,158162.59,3,1,0,148886.02,Gold,1
CUST-1639,58,Female,741,1,133036.91,1,1,1,41844.49,Silver,0
CUST-1640,36,Male,357,4,69800.32,1,1,1,145644.07,Standard,0
CUST-1641,29,Female,471,6,35108.26,2,1,0,100149.73,Gold,1
CUST-1642,26,Female,689,5,16717.14,1,1,1,126656.64,Standard,0
CUST-1643,24,Female,524,5,138966.2,3,1,0,106271.15,Standard,1
CUST-1644,45,Male,737,6,157159.96,1,1,1,96254.72,Gold,0
CUST-1645,31,Male,528,2,165464.28,1,1,0,112952.37,Gold,1
CUST-1646,48,Male,434,2,182839.24,1,1,1,65032.33,Silver,0
CUST-1647,69,Female,800,9,176105.98,1,0,1,140533.94,Standard,0
CUST-1648,36,Female,394,8,199948.51,2,1,1,39411.57,Standard,0
CUST-1649,64,Male,485,7,49568.74,1,1,0,64753.9,Gold,1
CUST-1650,33,Female,692,4,152898.22,1,1,0,28895.29,Silver,0
CUST-1651,22,Male,365,5,117705.44,2,0,0,58915.38,Standard,1
CUST-1652,52,Male,682,9,52987.78,1,1,1,52276.63,Standard,0
CUST-1653,29,Male,544,0,196399.16,1,1,0,31203.86,Gold,0
CUST-1654,42,Female,845,9,179681.72,2,1,0,86471.76,Gold,0
CUST-1655,69,Female,358,0,26574.62,2,1,0,83579.51,Silver,1
CUST-1656,38,Male,665,3,6205.51,3,1,0,34718.18,Silver,1
CUST-1657,53,Female,683,1,137977.82,1,1,1,57731.32,Standard,0
CUST-1658,40,Male,682,6,121222.0,1,0,0,144165.27,Silver,1
CUST-1659,33,Female,676,1,187227.31,1,0,0,38842.08,Silver,0
CUST-1660,56,Female,364,9,47567.05,1,0,0,63127.33,Standard,1
CUST-1661,62,Female,676,1,17793.2,2,1,0,29482.8,Gold,1
CUST-1662,59,Male,451,4,52583.85,2,0,1,43610.9,Gold,1
CUST-1663,56,Female,575,3,4766.6,2,1,0,112424.64,Standard,1
CUST-1664,31,Female,774,7,8142.66,1,1,1,70839.56,Gold,0
CUST-1665,48,Male,627,3,183056.7,2,0,1,81509.57,Silver,0
CUST-1666,22,Female,757,5,71051.3,3,1,0,44622.3,Silver,1
CUST-1667,52,Male,462,4,82750.99,1,1,1,110267.52,Gold,0
CUST-1668,40,Female,834,1,4655.96,2,1,1,118940.2,Standard,0
CUST-1669,46,Male,777,7,54833.83,4,1,0,47639.01,Silver,1
CUST-1670,60,Female,350,1,161140.47,2,0,1,30624.18,Standard,1
CUST-1671,28,Female,615,8,123482.7,2,1,1,35117.64,Silver,0
CUST-1672,35,Male,840,8,151002.34,1,1,1,107130.72,Standard,0
CUST-1673,64,Male,557,2,89995.53,1,1,1,41938.83,Standard,1
CUST-1674,29,Male,459,3,62636.12,1,0,1,86739.85,Standard,0
CUST-1675,26,Male,549,7,97079.21,2,1,1,44080.19,Standard,0
CUST-1676,27,Male,789,8,65291.14,1,1,1,46268.51,Standard,0
CUST-1677,61,Female,718,2,167955.25,2,0,1,25545.06,Standard,0
CUST-1678,34,Male,822,4,60237.07,2,1,1,65103.03,Silver,0
CUST-1679,55,Male,655,7,132292.96,2,1,0,36224.66,Gold,1
CUST-1680,24,Female,361,2,28259.46,1,0,1,74245.16,Gold,0
CUST-1681,63,Male,694,6,137686.43,1,1,0,99723.04,Gold,1
CUST-1682,30,Female,814,7,182746.64,2,0,1,70941.49,Gold,0
CUST-1683,57,Female,537,9,122108.05,2,1,0,113135.2,Standard,1
CUST-1684,59,Female,503,2,112411.22,2,0,0,117681.47,Silver,1
CUST-1685,26,Female,843,1,192262.54,1,0,1,112075.8,Silver,0
CUST-1686,67,Female,717,9,125851.91,2,1,1,142089.19,Standard,0
CUST-1687,44,Male,683,6,52650.54,2,1,1,54661.78,Silver,0
CUST-1688,19,Male,774,8,59185.81,2,0,0,48682.06,Standard,0
CUST-1689,22,Male,769,0,141356.02,2,1,1,101213.94,Gold,0
CUST-1690,46,Female,726,2,147351.88,2,1,0,99359.63,Silver,1
CUST-1691,54,Male,628,4,61395.75,1,1,1,88762.29,VIP,0
CUST-1692,55,Female,520,2,69723.45,1,0,1,25544.15,Standard,0
CUST-1693,36,Female,483,0,198220.25,2,0,0,94404.78,Standard,1
CUST-1694,25,Female,844,6,21288.56,1,1,0,141599.76,VIP,0
CUST-1695,65,Female,802,6,81524.36,2,1,1,66822.21,Standard,0
CUST-1696,62,Male,776,9,13427.06,2,0,0,145949.9,Standard,1
CUST-1697,18,Female,374,7,164394.59,3,0,1,69594.58,Silver,0
CUST-1698,39,Female,367,4,19376.82,2,1,0,42481.81,Gold,1
CUST-1699,69,Male,539,9,135127.46,1,0,0,74800.43,Standard,1
CUST-1700,34,Male,490,4,12240.2,1,0,0,86826.41,Standard,1
CUST-1701,24,Female,392,4,134898.15,2,1,1,103683.05,Silver,0
CUST-1702,42,Female,683,0,168764.35,1,0,1,88109.77,Standard,0
CUST-1703,62,Female,633,9,80365.48,2,1,0,92089.83,Standard,1
CUST-1704,21,Female,495,4,104903.17,2,1,1,28008.38,Gold,0
CUST-1705,53,Female,664,5,80906.81,1,1,0,56702.52,Silver,1
CUST-1706,23,Male,793,0,60797.26,1,0,1,63837.08,Gold,0
CUST-1707,48,Male,668,6,160849.42,2,0,1,148386.07,Standard,0
CUST-1708,36,Male,790,0,55128.51,3,1,0,61945.97,Silver,1
CUST-1709,61,Male,441,1,144865.74,1,1,1,137072.36,VIP,1
CUST-1710,56,Female,528,1,42033.22,3,1,0,63092.03,Silver,1
CUST-1711,44,Female,405,4,50720.91,2,0,0,37013.79,Standard,1
CUST-1712,27,Female,504,9,67955.77,4,0,0,55952.17,VIP,1
CUST-1713,43,Male,509,6,118242.12,1,1,1,59103.55,Silver,0
CUST-1714,36,Female,460,0,91430.04,1,1,0,147281.07,Gold,1
CUST-1715,56,Female,486,9,149283.82,2,1,0,109286.44,Standard,1
CUST-1716,20,Female,581,0,43499.89,3,1,1,141460.12,Silver,0
CUST-1717,62,Female,829,0,3123.79,1,1,1,129374.38,Gold,0
CUST-1718,30,Male,817,5,155534.94,2,0,1,97324.81,Silver,0
CUST-1719,67,Male,569,1,164508.22,3,1,0,109423.49,Standard,1
CUST-1720,45,Male,830,0,12836.55,1,1,0,103104.65,Standard,0
CUST-1721,37,Male,417,5,122570.6,2,1,0,108282.88,Standard,1
CUST-1722,45,Male,651,1,76263.15,3,1,0,58096.71,Standard,1
CUST-1723,25,Female,598,5,158985.24,1,1,1,76015.64,Silver,0
CUST-1724,58,Female,831,9,175008.5,1,1,1,99076.98,Standard,0
CUST-1725,56,Female,845,7,170349.75,2,1,1,29491.06,Standard,0
CUST-1726,18,Female,672,1,155663.65,1,0,1,85354.36,Standard,0
CUST-1727,20,Male,759,8,54541.39,1,1,1,132465.87,Standard,0
CUST-1728,30,Female,741,7,162566.04,4,0,0,86545.97,Silver,1
CUST-1729,45,Male,355,9,107162.22,2,1,0,94040.42,Silver,1
CUST-1730,66,Male,813,0,11498.57,2,1,1,50238.14,Gold,0
CUST-1731,42,Male,629,6,91930.83,2,1,0,124292.92,Standard,1
CUST-1732,50,Male,781,9,188489.43,1,0,0,69859.79,Silver,1
CUST-1733,55,Male,836,5,177684.01,1,1,1,144573.44,Standard,0
CUST-1734,23,Male,443,5,21350.59,1,1,0,149214.35,Standard,1
CUST-1735,61,Male,778,5,149081.21,1,0,1,139500.07,Silver,0
CUST-1736,62,Female,618,5,161352.78,2,1,0,35609.59,Gold,1
CUST-1737,49,Male,546,9,55006.25,2,0,0,66647.89,Standard,1
CUST-1738,62,Male,374,6,94850.11,2,1,0,143142.2,Standard,1
CUST-1739,64,Male,497,2,142486.6,1,1,1,125566.66,Silver,1
CUST-1740,38,Female,467,5,88369.26,1,1,1,138897.95,Silver,0
CUST-1741,33,Male,687,2,23446.59,2,0,1,96569.15,Standard,0
CUST-1742,38,Male,716,6,141470.61,2,1,0,85049.7,Silver,0
CUST-1743,28,Male,687,6,182416.1,1,1,0,38312.04,VIP,0
CUST-1744,54,Male,415,7,130844.46,2,1,1,129933.94,Standard,1
CUST-1745,53,Male,807,1,154986.35,1,1,0,118142.69,Standard,1
CUST-1746,52,Male,650,8,72314.14,1,0,1,32359.58,Standard,0
CUST-1747,36,Male,719,4,37456.45,2,1,1,51176.82,Silver,0
CUST-1748,37,Male,524,8,128911.96,1,1,0,94659.7,Standard,1
CUST-1749,35,Male,668,9,66226.47,2,1,0,110550.3,VIP,0
CUST-1750,64,Female,425,4,172154.63,1,1,1,42208.78,Silver,1
CUST-1751,58,Female,844,6,25402.98,1,1,1,55603.1,Standard,0
CUST-1752,66,Male,810,8,87259.28,1,1,1,49138.78,Standard,0
CUST-1753,31,Male,463,3,79948.79,3,0,1,52499.64,Silver,1
CUST-1754,32,Female,460,1,187672.72,2,0,0,140089.14,Standard,1
CUST-1755,48,Male,598,8,31473.83,4,1,0,114477.45,Gold,1
CUST-1756,18,Male,788,1,2959.52,2,0,1,117138.37,Standard,0
CUST-1757,20,Female,552,2,48378.96,2,1,1,124249.41,Standard,0
CUST-1758,33,Male,496,9,164235.1,1,1,0,69571.63,Silver,1
CUST-1759,40,Male,384,1,42655.04,1,1,0,120898.08,Standard,1
CUST-1760,28,Male,836,2,48934.73,1,1,0,147301.67,Silver,0
CUST-1761,29,Female,658,5,26849.86,1,1,1,112299.28,Standard,0
CUST-1762,27,Male,375,2,143371.8,2,0,0,77094.14,Silver,1
CUST-1763,49,Female,587,9,14765.66,1,0,1,114544.97,Silver,0
CUST-1764,33,Female,363,7,66910.45,1,1,0,137599.34,Silver,1
CUST-1765,25,Male,723,5,57217.25,1,1,0,41095.19,Silver,0
CUST-1766,55,Male,394,6,111476.79,1,0,1,58161.83,Standard,1
CUST-1767,29,Male,777,0,146352.84,2,1,1,139912.03,Standard,0
CUST-1768,41,Male,565,2,107042.41,3,1,1,143279.11,Standard,1
CUST-1769,45,Male,582,2,186274.17,1,1,1,85517.39,Standard,0
CUST-1770,25,Female,542,1,190337.09,1,1,1,71818.87,VIP,0
CUST-1771,45,Female,400,6,72931.6,1,1,0,60347.73,Standard,1
CUST-1772,53,Female,776,8,155758.39,3,0,1,87343.94,Silver,1
CUST-1773,43,Male,724,3,148021.48,1,0,0,141816.39,Standard,1
CUST-1774,25,Female,563,4,178699.95,2,1,0,43726.2,Silver,0
CUST-1775,67,Female,500,2,90140.78,2,0,0,77478.83,Silver,1
CUST-1776,45,Female,789,8,106564.16,1,1,1,138950.98,Standard,0
CUST-1777,45,Male,624,3,83739.09,1,1,1,68639.91,Silver,0
CUST-1778,54,Female,687,4,170225.01,1,0,1,121010.18,Standard,0
CUST-1779,58,Male,425,0,46710.76,3,1,1,73657.47,Standard,1
CUST-1780,53,Male,788,1,48702.11,2,1,0,125615.83,Silver,1
CUST-1781,44,Male,569,8,75148.42,2,1,1,147625.29,Standard,0
CUST-1782,34,Female,697,1,46838.22,2,0,1,73477.75,Silver,0
CUST-1783,26,Female,793,4,112640.36,2,0,1,130637.33,Standard,0
CUST-1784,50,Male,536,7,27763.53,2,0,0,148552.1,Silver,1
CUST-1785,37,Male,638,2,64717.06,1,1,1,147978.77,Standard,0
CUST-1786,30,Male,752,5,182775.49,1,0,1,79221.39,Silver,0
CUST-1787,45,Male,377,3,82435.87,1,1,1,85720.14,Gold,0
CUST-1788,65,Male,728,6,149898.51,2,0,0,62925.2,Standard,1
CUST-1789,46,Male,529,9,23578.98,1,1,0,64252.35,Standard,1
CUST-1790,30,Female,602,2,50265.34,2,1,1,86558.83,Gold,0
CUST-1791,63,Male,475,5,161661.78,1,1,0,50064.82,Standard,1
CUST-1792,52,Male,526,9,152835.59,3,0,1,113890.41,Silver,1
CUST-1793,23,Male,386,8,77845.03,1,0,1,92038.57,Gold,0
CUST-1794,35,Female,759,9,190924.98,1,1,1,137258.48,Silver,0
CUST-1795,68,Female,448,0,182217.96,3,1,1,126322.8,Standard,1
CUST-1796,22,Female,447,2,192497.85,1,0,0,65308.89,Standard,0
CUST-1797,64,Male,476,1,86155.02,4,1,1,88225.58,Standard,1
CUST-1798,42,Female,832,7,40297.24,1,0,0,118814.37,Standard,0
CUST-1799,19,Male,517,6,125705.07,1,0,1,49150.02,Standard,0
CUST-1800,27,Female,429,1,137269.86,2,1,0,28949.72,Silver,1
CUST-1801,47,Female,643,5,25962.92,3,1,0,131538.07,Standard,1
CUST-1802,67,Female,682,2,157510.12,1,1,0,42193.78,Gold,1
CUST-1803,62,Female,475,7,4593.98,3,1,0,136176.43,Gold,1
CUST-1804,22,Female,692,9,97062.95,2,1,0,139201.0,Gold,0
CUST-1805,50,Male,659,2,66872.24,2,0,0,82587.55,Standard,1
CUST-1806,18,Female,499,9,148320.31,1,1,1,125847.71,Silver,0
CUST-1807,35,Male,365,8,63239.38,1,1,1,70398.91,Standard,0
CUST-1808,49,Female,377,0,165534.62,3,1,1,132283.07,Standard,1
CUST-1809,64,Male,845,4,119395.74,3,1,1,128085.24,Silver,1
CUST-1810,66,Male,768,2,158984.78,2,0,1,34814.8,Gold,0
CUST-1811,28,Male,793,5,197878.79,1,1,1,97825.22,Standard,0
CUST-1812,38,Male,522,9,136152.51,1,1,0,104999.86,Standard,1
CUST-1813,43,Male,395,1,197005.11,2,0,1,25107.16,Standard,0
CUST-1814,42,Female,677,8,6738.43,1,1,0,147489.79,Silver,1
CUST-1815,39,Male,585,5,68289.86,1,1,1,75820.95,Gold,0
CUST-1816,44,Male,788,6,22462.8,1,1,0,89667.9,Standard,0
CUST-1817,66,Female,563,4,53198.68,2,0,1,49350.51,Standard,1
CUST-1818,30,Male,434,8,167938.69,1,1,0,101364.82,Gold,1
CUST-1819,50,Female,631,0,7432.33,2,0,1,126327.48,Standard,0
CUST-1820,51,Female,581,4,104516.4,2,0,1,98236.54,Silver,0
CUST-1821,58,Female,434,9,113858.61,2,1,0,123504.38,Standard,1
CUST-1822,52,Female,758,5,112669.08,1,1,1,116388.5,Standard,0
CUST-1823,18,Male,838,6,95584.12,1,1,1,54707.23,Silver,0
CUST-1824,38,Female,414,3,158329.99,2,1,1,79476.61,Silver,0
CUST-1825,65,Male,483,0,27575.07,2,0,0,43578.36,Standard,1
CUST-1826,23,Male,500,7,62804.83,2,1,1,30241.98,Standard,0
CUST-1827,45,Female,464,9,123529.48,3,1,0,32883.62,Standard,1
CUST-1828,34,Male,413,3,138499.32,2,0,1,142812.49,Silver,0
CUST-1829,22,Female,692,2,81425.54,2,1,1,148067.18,Gold,0
CUST-1830,48,Female,776,6,175198.88,1,1,0,36872.19,Gold,1
CUST-1831,22,Female,712,1,83683.19,1,1,1,66899.18,Standard,0
CUST-1832,55,Female,756,7,81152.45,2,1,0,39302.59,Gold,1
CUST-1833,20,Male,701,5,8205.25,1,0,1,129278.6,Standard,0
CUST-1834,40,Male,507,6,110677.13,2,1,1,87037.14,Standard,0
CUST-1835,54,Female,426,4,142027.49,1,1,1,102657.72,Silver,1
CUST-1836,54,Male,840,8,23773.19,2,1,0,92488.86,Standard,1
CUST-1837,27,Female,495,4,61781.12,2,1,0,113781.7,Standard,1
CUST-1838,27,Female,692,4,156470.13,2,1,0,64891.53,Standard,0
CUST-1839,36,Female,812,2,73817.97,4,1,1,42186.67,Silver,0
CUST-1840,34,Male,574,0,49078.89,1,0,1,27202.5,Silver,0
CUST-1841,38,Male,754,1,134767.93,1,0,1,80711.61,Standard,0
CUST-1842,31,Male,662,7,40155.0,1,1,0,138479.3,Gold,0
CUST-1843,26,Male,452,0,179234.93,3,1,0,63158.32,Silver,1
CUST-1844,63,Female,756,6,22014.08,2,1,1,49494.6,Silver,0
CUST-1845,18,Male,696,4,141603.41,2,1,1,140755.34,Standard,0
CUST-1846,68,Male,650,2,100410.19,1,1,1,38181.08,Standard,1
CUST-1847,62,Male,777,6,174115.98,2,1,0,31475.13,Standard,1
CUST-1848,30,Female,815,8,26112.82,1,1,0,134926.65,Silver,0
CUST-1849,21,Female,437,1,135901.09,2,1,1,112613.67,Silver,0
CUST-1850,18,Male,720,7,114838.87,2,0,1,77758.58,VIP,0
CUST-1851,66,Male,652,8,96537.94,2,1,1,119043.0,Standard,0
CUST-1852,57,Male,517,2,98790.05,2,0,0,117679.99,Standard,1
CUST-1853,49,Male,784,1,144673.42,2,1,0,30007.57,Standard,1
CUST-1854,51,Female,519,6,187610.59,2,1,1,109530.85,Standard,0
CUST-1855,45,Female,484,4,19159.08,1,0,0,105109.05,Silver,1
CUST-1856,48,Male,399,4,4881.03,2,1,1,145472.39,VIP,0
CUST-1857,25,Male,781,9,161335.25,1,0,1,145827.83,Silver,0
CUST-1858,56,Female,689,4,22525.71,1,1,0,72224.92,Silver,1
CUST-1859,43,Male,696,3,197352.66,1,1,1,98730.24,Silver,0
CUST-1860,51,Female,483,4,124250.3,2,1,0,42669.67,Standard,1
CUST-1861,20,Male,696,3,130522.41,1,1,1,33307.07,Gold,0
CUST-1862,67,Male,486,5,40579.45,2,0,1,79097.48,Silver,1
CUST-1863,29,Male,594,3,48822.15,1,0,0,111235.25,Standard,0
CUST-1864,18,Male,458,1,132210.71,1,0,1,95970.14,Silver,0
CUST-1865,61,Female,662,8,182035.64,2,1,1,78707.12,Silver,0
CUST-1866,22,Male,636,1,196495.72,1,1,0,127264.07,Standard,0
CUST-1867,47,Male,370,8,40408.16,2,1,1,124303.43,Standard,0
CUST-1868,47,Male,439,9,27689.8,2,1,1,116492.76,Standard,0
CUST-1869,34,Male,645,5,12223.87,4,0,0,34629.03,Standard,1
CUST-1870,65,Male,461,8,173791.11,2,1,1,124558.7,Standard,1
CUST-1871,64,Male,650,8,59648.25,1,1,1,139927.66,Silver,0
CUST-1872,40,Female,426,2,1360.59,1,1,0,32430.26,Standard,1
CUST-1873,32,Male,526,0,45539.8,1,0,1,75208.92,Silver,0
CUST-1874,54,Male,692,0,68747.77,3,0,0,148544.44,VIP,1
CUST-1875,38,Female,497,2,198206.25,1,1,1,99904.86,Silver,0
CUST-1876,31,Male,450,4,105184.78,1,1,0,89197.18,Silver,1
CUST-1877,19,Female,595,2,41738.08,1,1,1,47180.77,Gold,0
CUST-1878,28,Male,466,8,67628.85,2,1,1,95685.79,Silver,0
CUST-1879,68,Female,441,8,66731.23,1,0,0,79880.41,Standard,1
CUST-1880,56,Female,750,2,4925.42,4,1,1,40930.38,Standard,1
CUST-1881,55,Female,377,2,27901.43,1,1,0,83041.58,Silver,1
CUST-1882,51,Female,774,4,139344.1,1,1,1,45549.91,Silver,0
CUST-1883,55,Male,799,1,24929.95,1,1,0,116332.95,VIP,1
CUST-1884,67,Female,374,5,46916.12,2,0,1,146706.05,Silver,1
CUST-1885,51,Male,407,6,70796.72,3,1,0,83697.13,Gold,1
CUST-1886,35,Male,847,8,151789.25,1,1,0,104046.04,Standard,0
CUST-1887,47,Male,646,5,116897.79,1,0,1,78871.94,Silver,0
CUST-1888,32,Female,483,2,138111.0,2,1,1,42306.73,Gold,0
CUST-1889,44,Male,680,4,113835.45,1,0,1,146319.41,Standard,0
CUST-1890,68,Female,598,3,137034.89,1,1,1,41197.33,Standard,1
CUST-1891,51,Female,387,4,1565.59,1,1,0,38953.35,Standard,1
CUST-1892,69,Female,739,7,186248.73,1,1,1,82396.62,Silver,0
CUST-1893,55,Female,778,7,23073.13,1,1,0,107360.91,Standard,1
CUST-1894,50,Male,424,5,81843.57,1,1,1,69365.41,Silver,0
CUST-1895,41,Male,491,0,154436.64,1,1,0,49064.63,Standard,1
CUST-1896,32,Male,671,7,87610.91,2,1,1,127370.42,Standard,0
CUST-1897,47,Male,517,7,189421.67,1,1,0,70387.92,VIP,1
CUST-1898,59,Male,608,1,94050.2,2,1,1,49290.12,Standard,0
CUST-1899,68,Male,722,3,175112.94,1,0,1,70635.61,Standard,0
CUST-1900,34,Male,704,1,162354.79,2,1,0,51819.28,Standard,0
CUST-1901,22,Female,574,3,196216.27,1,1,1,89930.97,Silver,0
CUST-1902,46,Female,501,9,185383.01,2,0,1,108536.17,Standard,0
CUST-1903,21,Male,368,6,179726.64,1,1,0,124944.67,Silver,1
CUST-1904,27,Female,495,8,146589.26,3,1,0,53445.25,VIP,1
CUST-1905,34,Male,797,7,74032.63,1,1,1,45869.25,Standard,0
CUST-1906,27,Male,590,8,22118.96,1,1,1,27450.43,Standard,0
CUST-1907,34,Female,721,7,138040.37,4,1,0,53510.97,Standard,1
CUST-1908,37,Male,730,1,195752.16,2,0,1,27988.17,Silver,0
CUST-1909,41,Male,693,6,145594.28,1,0,0,68184.28,Standard,1
CUST-1910,22,Female,586,1,185817.14,3,1,0,43211.64,Silver,1
CUST-1911,51,Female,384,1,161056.64,1,1,0,97486.95,VIP,1
CUST-1912,23,Female,539,3,33459.82,1,1,1,72965.84,Standard,0
CUST-1913,19,Female,350,0,50591.55,4,0,0,36698.17,Silver,1
CUST-1914,30,Female,833,4,69031.25,1,1,1,74983.31,Standard,0
CUST-1915,60,Male,502,5,34483.83,3,1,0,51168.51,Silver,1
CUST-1916,60,Male,778,8,116748.62,1,1,1,110022.17,Standard,0
CUST-1917,65,Male,782,9,195114.65,2,1,0,70554.53,Silver,1
CUST-1918,28,Male,475,7,152530.31,2,1,0,43378.75,Silver,1
CUST-1919,68,Female,840,1,85253.96,4,1,1,68700.22,Standard,1
CUST-1920,64,Male,831,0,1896.39,2,0,1,53047.29,Silver,0
CUST-1921,40,Female,694,1,63341.93,1,1,1,124472.38,Silver,0
CUST-1922,33,Female,749,6,105825.1,2,1,1,147920.95,Standard,0
CUST-1923,48,Female,575,3,65525.92,1,0,1,28186.42,Gold,0
CUST-1924,28,Female,570,9,23095.95,2,1,1,111252.52,Standard,0
CUST-1925,33,Female,752,4,89110.23,3,1,0,57994.73,Silver,1
CUST-1926,25,Male,756,6,51397.31,2,1,0,33301.08,Standard,0
CUST-1927,21,Female,560,2,181937.24,2,1,1,26793.91,Silver,0
CUST-1928,57,Male,374,9,21249.15,1,1,0,135126.21,Standard,1
CUST-1929,21,Female,365,1,10781.37,2,0,0,69200.81,Standard,1
CUST-1930,42,Male,531,6,2057.52,1,0,1,149317.99,Standard,0
CUST-1931,20,Female,848,4,66285.87,2,1,1,80297.15,Silver,0
CUST-1932,49,Female,678,0,132416.98,1,1,1,48449.72,Silver,0
CUST-1933,20,Male,478,0,146352.34,2,1,0,122142.95,Silver,0
CUST-1934,44,Male,391,8,91199.07,1,1,0,140811.53,Gold,1
CUST-1935,46,Female,752,4,137181.4,2,1,0,126952.63,Gold,1
CUST-1936,49,Male,830,0,72622.89,1,1,1,118149.9,Silver,0
CUST-1937,67,Female,767,6,133893.44,2,1,0,66837.46,Silver,1
CUST-1938,68,Female,685,8,9078.6,1,1,1,33061.3,Standard,0
CUST-1939,36,Male,585,0,78759.84,2,1,1,50162.42,Gold,0
CUST-1940,38,Male,709,9,158379.09,1,1,1,80851.28,Gold,0
CUST-1941,22,Male,788,3,160798.2,2,1,1,144524.98,Standard,0
CUST-1942,35,Female,751,2,143513.61,1,0,0,115356.77,Silver,0
CUST-1943,45,Male,383,4,41643.49,2,1,0,128535.38,Gold,1
CUST-1944,59,Male,694,6,50193.82,1,0,0,59661.74,Standard,1
CUST-1945,39,Male,730,7,199221.66,2,0,1,110477.88,Standard,0
CUST-1946,38,Female,394,1,21572.22,1,0,0,132804.77,Standard,1
CUST-1947,23,Female,483,6,36951.88,1,1,0,84926.44,Standard,0
CUST-1948,18,Female,370,0,26875.22,2,0,1,78736.48,Standard,0
CUST-1949,22,Male,471,6,66203.34,1,1,0,114925.56,Standard,0
CUST-1950,58,Female,419,7,42824.99,1,1,0,94988.96,Standard,1
CUST-1951,29,Female,701,1,100039.9,3,1,1,149146.39,Gold,0
CUST-1952,43,Female,710,8,95728.12,4,1,0,78137.85,Standard,1
CUST-1953,63,Female,397,0,180399.62,2,1,0,46992.91,Standard,1
CUST-1954,51,Male,840,5,7913.25,1,1,0,83991.88,Standard,1
CUST-1955,66,Male,388,0,64656.04,1,1,0,54400.62,Standard,1
CUST-1956,31,Female,636,2,119734.92,2,1,1,95156.73,VIP,0
CUST-1957,43,Male,839,5,121355.55,1,1,0,40724.62,Gold,0
CUST-1958,62,Female,359,2,96545.12,3,1,0,143747.03,Silver,1
CUST-1959,44,Female,379,7,163317.44,1,0,1,132477.86,Standard,0
CUST-1960,26,Male,593,4,13481.71,4,1,1,44445.67,Silver,0
CUST-1961,43,Female,623,1,163282.07,2,1,0,46549.12,Standard,1
CUST-1962,64,Male,793,3,99456.09,2,0,1,89054.83,Standard,0
CUST-1963,39,Male,437,8,27618.38,1,1,0,121610.17,Standard,1
CUST-1964,64,Female,593,3,177254.68,3,1,0,52384.92,VIP,1
CUST-1965,47,Female,730,9,130196.53,1,0,1,32621.46,Standard,0
CUST-1966,60,Male,678,9,33545.59,2,0,1,93191.78,Silver,0
CUST-1967,65,Male,828,7,7696.29,2,1,1,111449.64,Standard,0
CUST-1968,34,Female,364,4,29080.82,1,1,0,55545.69,Standard,1
CUST-1969,43,Female,353,9,122150.79,1,0,0,117470.97,Silver,1
CUST-1970,53,Female,540,0,36679.95,2,1,1,143830.47,Standard,0
CUST-1971,18,Male,517,6,45926.85,1,1,1,42134.31,Gold,0
CUST-1972,25,Male,358,2,6002.81,2,1,0,88878.63,Standard,1
CUST-1973,66,Male,458,9,144863.2,1,1,0,32105.24,Standard,1
CUST-1974,52,Female,486,7,162262.52,1,0,1,50832.63,Silver,0
CUST-1975,69,Male,503,2,159572.79,2,0,0,36227.42,Silver,1
CUST-1976,32,Male,737,0,26386.06,2,0,1,75500.83,Standard,0
CUST-1977,64,Female,558,4,180756.92,1,1,0,127603.97,Silver,1
CUST-1978,39,Male,621,1,134783.49,3,1,1,97141.31,Silver,0
CUST-1979,31,Female,492,3,179608.2,3,0,1,52823.1,Standard,0
CUST-1980,43,Female,448,0,89984.94,2,1,0,30013.83,Gold,1
CUST-1981,45,Female,726,8,87954.02,1,0,1,94174.77,Standard,0
CUST-1982,40,Male,657,5,157122.77,1,0,1,41599.59,Standard,0
CUST-1983,31,Male,418,7,19566.27,2,1,0,67841.75,Silver,1
CUST-1984,41,Female,596,3,104653.93,2,1,0,88774.03,Standard,1
CUST-1985,19,Female,610,8,167440.46,1,1,1,137966.57,Silver,0
CUST-1986,62,Female,625,1,166208.32,2,0,0,35227.92,Standard,1
CUST-1987,43,Male,428,8,191270.44,1,1,0,108575.95,Standard,1
CUST-1988,31,Female,495,4,139956.25,1,0,0,26760.16,Gold,1
CUST-1989,68,Female,460,5,42346.36,2,1,1,103738.57,Silver,1
CUST-1990,24,Female,607,2,5035.78,2,1,0,93941.56,Silver,0
CUST-1991,20,Female,442,3,96403.74,1,1,0,126483.33,Standard,0
CUST-1992,64,Female,362,5,103227.07,2,1,0,91457.81,Standard,1
CUST-1993,40,Female,609,6,48812.25,3,0,1,69077.07,Silver,0
CUST-1994,63,Male,775,0,25814.79,2,1,0,55343.86,Gold,1
CUST-1995,60,Male,458,6,117655.43,2,1,1,35656.22,Standard,1
CUST-1996,64,Male,679,0,153086.88,1,0,0,91826.58,Standard,1
CUST-1997,62,Male,538,4,198637.67,1,1,0,136040.24,Standard,1
CUST-1998,35,Male,444,5,151902.22,1,1,1,89343.06,Standard,0
CUST-1999,55,Male,454,1,158932.85,2,1,1,117387.86,Silver,1
CUST-2000,52,Male,357,9,123675.71,2,1,0,62304.37,Standard,1
CUST-2001,68,Male,416,8,197198.61,1,1,0,81016.36,Standard,1
CUST-2002,32,Female,845,9,128351.32,1,0,1,65575.4,Standard,0
CUST-2003,42,Female,540,5,172190.4,1,1,0,38658.26,Standard,1
CUST-2004,54,Male,715,6,189211.14,1,1,0,77123.58,Standard,1
CUST-2005,45,Female,605,9,186041.84,3,1,0,120535.9,Gold,1
CUST-2006,27,Female,358,7,76901.65,2,1,0,74371.87,Silver,1
CUST-2007,56,Male,827,9,16653.75,1,1,1,106272.4,Standard,0
CUST-2008,34,Male,466,0,35202.87,2,1,0,119826.94,Silver,1
CUST-2009,56,Male,616,7,12785.44,2,0,1,65342.03,Silver,0
CUST-2010,39,Female,448,3,21973.99,2,1,1,124689.32,Standard,0
CUST-2011,43,Female,834,9,37745.6,1,1,1,67365.71,Standard,0
CUST-2012,61,Male,647,7,68877.77,1,1,0,57013.38,Standard,1
CUST-2013,42,Male,746,5,109164.39,1,0,0,52805.77,Standard,0
CUST-2014,34,Male,513,8,142624.73,2,1,1,49988.02,Gold,0
CUST-2015,30,Male,725,3,42974.54,2,1,0,117140.51,Standard,0
CUST-2016,37,Male,490,1,134831.96,2,1,0,135938.66,Gold,1
CUST-2017,42,Male,617,1,141147.56,1,1,0,53831.06,Silver,1
CUST-2018,21,Female,386,4,112165.85,1,1,0,35655.04,Standard,1
CUST-2019,27,Female,423,9,180819.96,1,0,1,64220.87,Gold,0
CUST-2020,20,Male,422,8,23087.97,4,1,1,107230.9,Standard,0
CUST-2021,58,Female,657,2,36247.17,1,1,0,71065.01,Standard,1
CUST-2022,62,Male,548,7,86304.3,1,1,1,93647.07,Silver,1
CUST-2023,35,Male,479,3,26215.83,4,1,1,118038.12,Standard,1
CUST-2024,64,Male,595,5,113692.93,2,1,0,76059.82,Standard,1
CUST-2025,53,Female,661,9,80281.69,2,0,0,149961.85,Silver,1
CUST-2026,64,Female,409,5,57634.56,1,0,0,62243.66,Gold,1
CUST-2027,39,Female,628,2,34827.97,2,0,1,147281.04,Standard,0
CUST-2028,51,Male,452,4,67732.31,1,0,1,50378.71,Standard,0
CUST-2029,64,Female,645,2,121983.91,2,1,0,38866.47,Silver,1
CUST-2030,25,Male,669,0,115581.26,1,1,1,118853.83,Silver,0
CUST-2031,57,Female,836,6,33561.18,1,1,1,112788.71,Standard,0
CUST-2032,66,Male,690,3,25859.04,2,1,1,126396.17,Gold,0
CUST-2033,61,Male,500,6,6308.68,2,0,0,67948.8,Silver,1
CUST-2034,36,Female,506,2,3472.69,2,0,1,141350.96,Silver,0
CUST-2035,59,Female,555,4,176082.28,1,0,1,39935.18,Gold,0
CUST-2036,58,Male,823,4,9972.68,1,1,1,28784.64,Gold,0
CUST-2037,54,Female,528,1,146513.0,2,1,1,62570.49,Standard,0
CUST-2038,23,Male,546,9,174525.03,2,1,1,124665.56,Standard,0
CUST-2039,69,Female,572,1,20513.51,4,1,1,109122.79,Silver,1
CUST-2040,43,Female,438,3,87823.98,2,1,0,79526.1,VIP,1
CUST-2041,51,Female,636,3,192498.29,2,1,1,57031.7,Silver,0
CUST-2042,62,Female,783,3,166993.59,3,0,1,32409.1,Standard,1
CUST-2043,23,Female,625,5,98451.1,1,0,1,67188.2,Silver,0
CUST-2044,54,Male,585,1,152751.65,1,1,1,82502.47,Standard,0
CUST-2045,50,Female,532,5,166842.15,1,1,1,110877.98,VIP,0
CUST-2046,39,Male,558,6,70257.37,1,1,1,105746.49,Standard,0
CUST-2047,38,Male,842,9,178538.43,2,1,1,143418.11,Gold,0
CUST-2048,23,Male,479,2,94624.19,2,0,0,37549.49,Standard,0
CUST-2049,23,Male,502,7,106033.67,2,1,1,67042.52,Gold,0
CUST-2050,65,Female,362,1,199941.82,1,1,0,85197.26,Standard,1
CUST-2051,21,Male,471,7,168817.29,2,1,1,108836.97,Silver,0
CUST-2052,47,Female,708,4,72992.23,1,1,1,86931.46,VIP,0
CUST-2053,28,Male,569,1,3058.77,2,0,0,139094.78,Silver,0
CUST-2054,47,Male,455,6,125608.64,1,1,1,101084.04,Silver,0
CUST-2055,48,Male,724,1,141078.77,2,0,1,29958.18,Standard,0
CUST-2056,41,Male,419,5,130509.74,1,1,0,39207.0,Standard,1
CUST-2057,26,Male,544,9,193604.61,1,0,1,119186.95,Gold,0
CUST-2058,20,Female,535,2,172731.23,2,1,1,114473.46,Standard,0
CUST-2059,68,Male,448,8,90317.51,2,1,1,44187.13,Silver,1
CUST-2060,48,Female,431,2,13508.64,2,1,0,32363.58,Silver,1
CUST-2061,57,Male,424,2,95735.7,2,1,0,97339.73,Standard,1
CUST-2062,54,Male,723,4,138159.56,4,0,1,104467.35,Standard,1
CUST-2063,53,Female,689,6,121934.25,4,1,1,41912.45,Standard,1
CUST-2064,41,Male,541,7,108089.28,2,0,0,84202.42,Standard,1
CUST-2065,48,Male,674,6,94294.97,2,1,1,63228.94,Gold,0
CUST-2066,23,Male,816,8,59458.61,1,0,1,141413.21,Silver,0
CUST-2067,19,Male,563,4,56192.01,2,1,0,52399.98,Standard,0
CUST-2068,37,Female,664,9,100546.06,1,0,1,116657.59,Standard,0
CUST-2069,45,Male,793,2,32960.03,4,0,0,89766.74,Silver,1
CUST-2070,28,Female,816,5,68796.4,1,1,0,26440.13,Standard,0
CUST-2071,21,Female,731,4,65471.88,1,1,0,89624.82,Standard,0
CUST-2072,32,Male,716,3,117839.43,2,1,1,37434.02,Standard,0
CUST-2073,23,Female,667,1,14269.78,1,1,1,107382.77,Gold,0
CUST-2074,66,Male,493,6,166104.07,1,1,1,95690.44,Standard,1
CUST-2075,47,Female,733,4,112913.3,2,1,1,26303.4,Standard,0
CUST-2076,55,Male,565,3,134494.51,2,0,1,50586.6,VIP,0
CUST-2077,68,Female,710,7,140915.69,2,0,1,122028.13,Standard,0
CUST-2078,19,Male,673,8,59005.34,1,0,1,59471.58,Gold,0
CUST-2079,32,Male,364,8,94603.94,2,1,1,87410.43,Standard,0
CUST-2080,28,Female,566,2,191292.95,1,0,1,63999.83,Standard,0
CUST-2081,25,Female,841,2,153574.34,1,1,0,140190.86,Standard,0
CUST-2082,43,Male,788,4,193941.82,2,1,0,92072.13,Standard,0
CUST-2083,68,Male,384,4,149504.61,2,1,1,112021.69,Standard,1
CUST-2084,62,Female,532,9,35944.43,2,0,0,35434.51,Standard,1
CUST-2085,61,Female,619,1,13842.64,2,0,0,30042.0,Standard,1
CUST-2086,22,Female,782,0,115954.63,1,1,1,57403.52,Standard,0
CUST-2087,23,Female,816,7,72204.84,2,0,1,63641.79,Silver,0
CUST-2088,43,Female,707,2,55816.12,1,1,1,110960.07,Gold,0
CUST-2089,21,Female,449,0,161634.99,4,0,1,96141.31,Gold,0
CUST-2090,36,Male,356,0,74031.66,2,1,1,71822.45,Silver,0
CUST-2091,37,Male,379,1,64083.19,2,1,0,106764.69,Gold,1
CUST-2092,50,Female,816,5,170147.53,2,1,1,45445.72,Standard,0
CUST-2093,37,Female,654,5,169411.18,2,1,0,32936.21,Standard,1
CUST-2094,66,Male,822,2,71916.96,2,1,1,131813.14,Standard,0
CUST-2095,29,Male,493,3,166667.24,1,1,1,95493.27,Silver,0
CUST-2096,64,Female,460,1,170304.92,1,1,1,106136.91,Gold,1
CUST-2097,18,Male,581,1,85362.18,2,0,0,63405.28,Silver,0
CUST-2098,43,Male,528,6,14228.15,3,0,1,71494.37,Standard,1
CUST-2099,31,Male,421,0,1315.34,1,1,1,35295.93,Silver,0
CUST-2100,55,Male,559,6,105135.2,1,0,0,132123.52,Standard,1
CUST-2101,54,Male,569,0,69471.02,1,1,1,99054.93,Standard,0
CUST-2102,28,Male,429,5,199429.25,2,0,1,35453.46,Silver,0
CUST-2103,53,Male,849,2,154709.79,1,1,1,125566.2,Standard,0
CUST-2104,30,Female,432,7,152493.82,1,1,0,80514.42,Standard,1
CUST-2105,60,Male,391,5,191093.31,2,1,1,120637.67,Silver,1
CUST-2106,20,Female,622,1,177657.16,2,0,1,26577.48,Silver,0
CUST-2107,50,Female,540,7,64319.31,1,1,1,28592.46,Standard,0
CUST-2108,23,Male,522,4,34031.46,1,0,1,46347.87,Standard,0
CUST-2109,67,Female,810,7,149432.56,2,1,0,51364.57,VIP,1
CUST-2110,27,Male,356,7,76276.5,2,1,0,120494.44,Standard,1
CUST-2111,22,Female,504,5,95161.36,4,1,1,113336.77,Standard,0
CUST-2112,40,Male,359,1,126449.15,2,0,1,102011.01,Standard,0
CUST-2113,27,Female,383,7,181666.66,1,1,1,135607.36,Silver,0
CUST-2114,61,Female,385,5,84398.46,2,0,0,55893.6,Standard,1
CUST-2115,19,Male,758,5,156880.06,1,1,1,138050.61,Standard,0
CUST-2116,30,Male,355,7,54399.62,1,0,1,138683.88,Standard,0
CUST-2117,57,Female,757,0,139896.39,3,1,0,79282.47,Standard,1
CUST-2118,19,Female,751,1,1314.3,2,1,1,36798.28,Standard,0
CUST-2119,37,Male,564,8,174429.94,1,1,0,115819.99,Silver,1
CUST-2120,18,Female,483,7,7045.54,1,1,1,67116.08,Gold,0
CUST-2121,54,Male,634,6,142838.0,1,1,1,124366.19,Gold,0
CUST-2122,26,Female,475,6,10205.38,1,0,1,45461.29,Silver,0
CUST-2123,34,Male,758,4,53982.89,2,1,1,92439.39,Silver,0
CUST-2124,26,Female,788,1,99943.28,1,1,1,88509.22,Gold,0
CUST-2125,28,Male,686,5,84567.8,4,1,1,37539.31,Gold,0
CUST-2126,32,Male,523,9,39175.39,1,1,0,70416.6,Gold,1
CUST-2127,41,Male,501,2,67429.17,2,1,1,35594.41,Standard,0
CUST-2128,55,Male,680,3,145813.57,3,1,0,83092.54,Standard,1
CUST-2129,52,Male,375,9,134182.16,2,0,0,130363.07,VIP,1
CUST-2130,47,Male,732,1,15291.1,1,1,0,58775.6,VIP,1
CUST-2131,48,Female,464,1,149715.85,1,0,0,120607.75,Silver,1
CUST-2132,66,Male,731,7,11556.13,1,1,1,47928.43,VIP,0
CUST-2133,22,Male,831,7,109042.35,4,1,1,109216.87,Silver,0
CUST-2134,61,Male,633,9,52752.49,3,1,1,139442.17,Silver,1
CUST-2135,67,Male,736,5,117950.34,3,0,1,65491.01,Standard,1
CUST-2136,31,Male,424,4,53004.35,2,1,1,137551.45,Silver,0
CUST-2137,28,Male,515,7,197006.64,1,0,1,88177.62,Silver,0
CUST-2138,26,Male,538,3,62635.91,3,1,0,64600.64,VIP,1
CUST-2139,51,Male,427,3,49150.17,4,0,0,137063.53,Standard,1
CUST-2140,29,Female,784,4,56414.59,1,1,1,29004.66,Gold,0
CUST-2141,52,Female,439,0,179398.1,1,1,1,28502.36,Gold,0
CUST-2142,52,Male,525,0,127607.55,2,1,1,99978.7,Standard,0
CUST-2143,18,Male,370,1,146406.14,1,1,1,124593.84,Standard,0
CUST-2144,57,Female,403,7,183684.09,1,1,1,118943.29,Silver,1
CUST-2145,39,Male,533,6,182462.62,3,1,0,34933.69,Standard,1
CUST-2146,46,Female,708,9,148050.22,3,0,1,143781.4,Silver,0
CUST-2147,25,Male,571,8,40367.06,1,1,1,112882.94,Standard,0
CUST-2148,28,Female,664,4,168831.29,1,1,1,143639.01,Standard,0
CUST-2149,58,Female,677,1,41551.43,2,1,0,66137.22,Standard,1
CUST-2150,54,Female,528,6,148836.86,2,1,0,111742.39,Standard,1
CUST-2151,31,Female,625,7,137435.01,1,1,0,132492.34,Standard,0
CUST-2152,47,Male,461,6,152018.88,2,1,1,72558.03,VIP,0
CUST-2153,52,Male,573,6,107004.45,3,0,1,145607.49,Standard,1
CUST-2154,38,Female,563,4,128106.51,3,1,1,58124.1,Gold,1
CUST-2155,54,Female,408,1,190710.7,1,1,1,64451.7,VIP,1
CUST-2156,22,Male,676,5,21116.63,1,1,0,140041.07,Gold,0
CUST-2157,36,Male,742,3,62460.61,3,1,1,146207.47,Standard,0
CUST-2158,31,Male,458,9,122660.05,1,1,1,60649.47,Silver,0
CUST-2159,43,Male,734,1,192846.77,2,1,0,42048.75,Standard,1
CUST-2160,21,Female,506,8,20019.32,1,1,1,119881.93,Standard,0
CUST-2161,42,Male,540,6,5487.3,1,1,0,141208.16,Gold,1
CUST-2162,62,Male,549,5,12094.17,1,0,1,100089.21,Standard,1
CUST-2163,59,Male,661,4,11428.73,1,1,1,104314.87,VIP,0
CUST-2164,42,Male,545,2,181655.36,3,1,1,120367.92,Silver,1
CUST-2165,35,Male,384,9,144530.32,1,1,0,44135.6,Standard,1
CUST-2166,57,Female,728,9,135744.17,3,1,1,146683.61,Standard,1
CUST-2167,25,Female,736,3,104991.99,3,0,1,70541.17,Silver,0
CUST-2168,56,Female,595,2,156608.57,1,1,1,103530.05,Silver,0
CUST-2169,57,Male,586,7,31973.95,2,1,0,83577.0,Silver,1
CUST-2170,31,Female,453,2,78996.3,1,0,0,83522.62,Standard,1
CUST-2171,49,Female,356,6,98510.85,2,1,1,112843.05,Standard,1
CUST-2172,68,Female,632,6,22971.49,2,0,1,149332.79,Standard,1
CUST-2173,55,Male,350,6,84483.23,1,0,0,107382.48,Standard,1
CUST-2174,50,Male,568,6,63983.85,1,1,0,124257.39,Standard,1
CUST-2175,40,Male,813,1,8080.85,2,1,0,28452.01,Standard,0
CUST-2176,32,Male,579,9,28210.35,3,1,1,126303.42,Standard,0
CUST-2177,50,Male,804,2,153043.33,1,1,1,62496.99,Silver,0
CUST-2178,42,Male,521,9,4589.54,2,1,0,40837.73,Silver,1
CUST-2179,34,Male,436,8,186916.41,1,1,1,39166.76,Standard,0
CUST-2180,50,Female,390,2,18198.5,2,0,1,109984.35,Silver,1
CUST-2181,64,Male,472,1,160048.38,1,1,1,149702.1,Silver,1
CUST-2182,19,Male,680,8,179824.69,2,1,1,108274.39,Silver,0
CUST-2183,31,Female,647,9,188285.98,1,1,0,57793.52,Silver,0
CUST-2184,57,Female,722,8,173627.93,2,0,0,50413.25,Standard,1
CUST-2185,57,Female,766,3,58222.46,2,1,1,90744.64,Standard,0
CUST-2186,68,Female,527,8,67284.34,2,1,0,33129.91,Standard,1
CUST-2187,56,Female,412,2,85882.59,2,0,0,74916.35,Standard,1
CUST-2188,68,Female,833,6,28720.04,2,0,0,108279.36,Silver,1
CUST-2189,23,Male,514,6,5432.22,3,0,0,145957.78,Gold,1
CUST-2190,23,Male,838,7,173955.2,2,0,0,78206.68,Standard,0
CUST-2191,20,Male,536,9,111271.61,3,1,0,50027.99,Silver,1
CUST-2192,24,Male,732,3,122135.87,2,1,1,127170.3,Gold,0
CUST-2193,68,Male,558,2,185470.71,2,1,0,118024.94,Standard,1
CUST-2194,25,Female,576,2,133358.92,1,1,1,132462.99,Gold,0
CUST-2195,59,Female,781,4,138479.85,2,1,1,51839.84,Standard,0
CUST-2196,69,Female,738,0,157606.76,1,1,1,75604.02,Gold,0
CUST-2197,32,Male,397,9,24153.34,3,0,1,147694.3,Standard,1
CUST-2198,64,Female,573,2,72672.27,2,1,0,44755.29,Standard,1
CUST-2199,46,Female,352,5,193673.38,4,1,1,108931.35,Silver,1
CUST-2200,50,Male,721,2,184663.09,1,1,0,54648.06,Gold,1
CUST-2201,69,Female,524,4,176930.98,1,0,0,87519.88,Standard,1
CUST-2202,47,Male,795,8,90965.61,3,1,0,125063.71,Silver,1
CUST-2203,56,Male,448,1,171581.4,1,1,1,86073.26,Silver,1
CUST-2204,44,Female,465,1,10630.78,2,1,1,125685.21,Standard,0
CUST-2205,53,Male,619,5,30554.97,3,1,1,78291.86,Standard,1
CUST-2206,46,Male,796,5,83379.57,2,1,1,149919.12,Standard,0
CUST-2207,55,Female,717,7,97195.02,1,0,0,79478.53,Standard,1
CUST-2208,50,Female,602,1,53437.92,3,0,0,43672.43,Silver,1
CUST-2209,54,Male,666,8,71938.86,1,0,1,75233.69,Gold,0
CUST-2210,44,Male,764,1,33392.44,3,1,0,117824.15,Silver,1
CUST-2211,50,Male,444,0,98337.67,1,0,1,130992.22,VIP,0
CUST-2212,21,Female,622,9,158974.82,2,0,1,82512.91,Standard,0
CUST-2213,39,Male,729,1,132610.72,1,0,0,99309.61,Standard,0
CUST-2214,19,Male,373,6,22450.66,2,1,1,130611.26,Gold,0
CUST-2215,27,Female,465,7,98028.74,1,0,0,126693.27,Gold,1
CUST-2216,22,Female,500,4,139831.63,2,1,0,107215.49,Standard,0
CUST-2217,27,Male,687,5,106449.16,2,0,0,126878.39,Standard,0
CUST-2218,50,Male,399,0,78943.44,1,1,1,96988.84,Gold,1
CUST-2219,55,Female,555,5,124760.97,2,1,1,25581.02,Standard,0
CUST-2220,30,Male,847,7,193759.09,2,0,1,30158.35,Standard,0
CUST-2221,48,Male,684,2,19886.67,1,1,0,147476.05,Silver,1
CUST-2222,64,Female,428,0,78613.2,1,1,1,43124.01,VIP,1
CUST-2223,53,Male,419,3,81914.56,1,0,1,75564.55,Silver,1
CUST-2224,62,Female,376,0,115816.49,1,0,0,141726.41,Silver,1
CUST-2225,41,Male,620,7,31282.75,1,1,0,49379.94,Standard,1
CUST-2226,69,Male,399,4,36151.96,1,0,0,130473.92,Silver,1
CUST-2227,32,Male,641,0,57786.92,2,1,0,127283.45,Standard,0
CUST-2228,46,Male,596,7,191218.14,2,1,1,148291.21,VIP,0
CUST-2229,25,Male,613,8,147087.61,1,1,1,60210.23,Standard,0
CUST-2230,22,Male,428,9,132676.97,4,1,1,64415.67,Silver,0
CUST-2231,46,Female,736,1,163574.58,3,1,1,137859.75,Gold,0
CUST-2232,64,Female,539,8,26387.72,1,1,0,54259.88,Standard,1
CUST-2233,21,Female,396,7,172007.23,1,0,1,93487.62,VIP,0
CUST-2234,29,Female,810,6,119371.71,3,1,0,113418.12,Standard,1
CUST-2235,62,Male,710,2,67730.47,2,0,1,58985.53,Standard,0
CUST-2236,19,Female,703,1,163355.2,1,0,1,142301.62,Standard,0
CUST-2237,44,Male,821,6,160710.34,2,1,0,108212.19,Gold,0
CUST-2238,48,Female,837,4,169296.01,2,0,1,30892.41,Gold,0
CUST-2239,68,Female,701,5,23988.06,1,0,0,41967.19,Standard,1
CUST-2240,68,Female,538,3,193902.89,2,1,0,48847.7,Standard,1
CUST-2241,53,Female,765,1,191965.6,2,1,0,55619.67,Gold,1
CUST-2242,53,Female,605,8,72136.46,2,0,1,116334.67,Standard,0
CUST-2243,43,Male,571,2,14112.91,3,0,0,36116.91,Silver,1
CUST-2244,60,Male,721,6,34244.08,1,0,1,68824.33,Silver,0
CUST-2245,44,Female,590,7,198573.33,2,1,0,138922.92,Gold,1
CUST-2246,22,Male,618,1,113039.58,1,1,1,94583.46,Silver,0
CUST-2247,37,Female,350,5,71967.74,1,1,1,58187.07,Standard,0
CUST-2248,28,Female,383,7,58352.34,1,1,0,144632.04,VIP,1
CUST-2249,27,Male,795,6,52141.36,1,1,1,55539.49,Standard,0
CUST-2250,57,Female,428,2,133166.4,1,1,0,138137.45,Standard,1
CUST-2251,55,Female,585,0,84458.18,1,1,1,115721.21,Standard,0
CUST-2252,23,Female,683,5,193116.73,1,0,0,117565.13,VIP,0
CUST-2253,25,Female,726,7,137084.76,2,1,0,120617.41,Silver,0
CUST-2254,40,Female,698,5,158616.87,1,1,1,88321.16,Standard,0
CUST-2255,64,Female,447,4,59255.57,2,0,0,126822.34,Silver,1
CUST-2256,43,Female,431,7,16758.1,1,0,0,129524.14,Standard,1
CUST-2257,63,Male,804,1,98076.74,1,1,0,70060.84,VIP,1
CUST-2258,60,Male,826,0,63601.73,1,1,1,75043.06,Standard,0
CUST-2259,29,Female,764,0,41214.55,1,0,0,136094.59,Silver,0
CUST-2260,43,Male,541,3,190575.78,2,1,1,90591.16,Silver,0
CUST-2261,30,Female,602,5,89353.65,1,0,1,133367.94,Standard,0
CUST-2262,57,Female,758,8,35767.01,4,1,1,103346.18,Gold,1
CUST-2263,35,Male,387,0,40531.48,4,1,0,99195.97,Standard,1
CUST-2264,42,Female,363,0,56861.24,1,1,0,28872.62,Silver,1
CUST-2265,50,Female,741,4,199863.94,2,1,1,59736.8,Silver,0
CUST-2266,64,Male,696,9,54334.29,1,1,0,87757.21,Silver,1
CUST-2267,57,Male,659,4,66431.56,2,1,0,98414.65,Standard,1
CUST-2268,60,Male,735,4,132206.3,2,0,1,103804.32,VIP,0
CUST-2269,29,Male,558,9,59498.31,1,1,0,114527.85,Standard,0
CUST-2270,61,Female,706,5,43945.05,1,1,1,107029.18,Silver,0
CUST-2271,53,Male,811,7,32568.8,1,0,1,131072.09,Silver,0
CUST-2272,65,Female,438,2,63223.85,1,1,1,61933.79,Gold,1
CUST-2273,21,Male,405,8,22077.22,2,0,0,105196.25,Silver,1
CUST-2274,22,Male,443,0,4710.67,1,0,0,31394.94,Standard,0
CUST-2275,54,Female,442,3,161123.7,1,1,1,85023.76,Gold,1
CUST-2276,25,Female,689,8,28441.09,2,1,1,58504.12,Standard,0
CUST-2277,59,Male,434,7,155419.39,2,0,1,72610.89,Standard,1
CUST-2278,66,Male,794,9,159710.95,1,1,0,69332.84,Gold,1
CUST-2279,45,Male,594,8,108045.99,2,1,0,32553.83,Silver,1
CUST-2280,48,Male,371,0,62626.71,2,0,0,83330.73,Standard,1
CUST-2281,26,Female,640,8,29861.51,2,0,0,149328.66,Silver,0
CUST-2282,68,Male,834,2,147624.22,2,0,0,62367.01,Standard,1
CUST-2283,46,Male,621,9,120676.01,2,1,1,117018.25,Standard,0
CUST-2284,31,Male,655,8,131435.24,1,1,1,93473.54,Standard,0
CUST-2285,57,Female,471,0,2725.15,2,1,0,65653.16,Silver,1
CUST-2286,58,Female,477,0,185575.89,4,1,1,36200.88,Silver,1
CUST-2287,39,Male,462,8,14191.75,2,1,1,51982.24,Silver,0
CUST-2288,28,Female,776,5,73994.37,1,1,1,122731.69,Standard,0
CUST-2289,40,Male,622,3,81139.62,1,1,1,59877.52,Silver,0
CUST-2290,18,Male,685,6,1269.75,4,1,0,43037.81,Standard,1
CUST-2291,63,Female,791,4,99920.77,1,1,0,66412.29,Silver,1
CUST-2292,54,Female,479,9,150808.99,1,1,1,98005.37,Gold,0
CUST-2293,38,Female,481,6,164830.46,1,0,0,112932.9,Standard,1
CUST-2294,43,Female,434,7,176000.0,4,1,1,73420.6,Silver,1
CUST-2295,63,Male,772,7,98056.05,1,0,0,87268.39,VIP,1
CUST-2296,53,Female,831,0,126496.6,1,0,1,81864.59,Standard,0
CUST-2297,40,Male,699,7,16824.42,2,1,0,26125.42,Silver,1
CUST-2298,18,Female,739,5,98119.61,1,1,0,74450.06,Silver,0
CUST-2299,68,Male,430,3,31808.34,3,1,0,98414.98,Standard,1
CUST-2300,57,Female,836,7,74558.98,2,0,0,96243.09,Silver,1
CUST-2301,32,Male,822,2,66531.76,2,1,0,118720.94,Silver,0
CUST-2302,38,Male,674,3,85284.57,3,0,1,108796.99,Standard,0
CUST-2303,64,Female,418,5,114755.69,4,0,0,59600.85,Standard,1
CUST-2304,26,Male,497,6,180672.45,1,0,1,56955.46,VIP,0
CUST-2305,26,Male,797,3,79502.44,1,1,1,83017.72,Silver,0
CUST-2306,27,Male,365,3,196245.11,2,0,1,116621.21,Standard,0
CUST-2307,69,Male,656,6,152046.58,1,0,0,36728.41,Standard,1
CUST-2308,43,Male,454,5,102784.73,3,1,1,143540.82,Silver,1
CUST-2309,58,Male,514,7,129161.26,3,1,1,92894.14,Standard,1
CUST-2310,52,Female,837,0,21342.61,1,1,0,63301.05,Standard,1
CUST-2311,69,Male,550,9,169059.78,4,1,0,111673.9,Silver,1
CUST-2312,42,Female,546,6,116889.13,1,0,1,30590.73,Silver,0
CUST-2313,43,Female,775,6,197227.43,2,1,0,85549.61,Standard,0
CUST-2314,28,Male,534,6,127649.32,1,0,1,85746.21,Standard,0
CUST-2315,55,Female,671,6,166988.21,3,0,0,45246.91,Standard,1
CUST-2316,19,Male,614,9,160152.79,2,1,0,129673.48,Standard,0
CUST-2317,24,Female,712,9,69746.77,2,1,1,124601.51,Standard,0
CUST-2318,35,Male,449,7,52662.51,3,1,0,44091.55,Standard,1
CUST-2319,44,Male,691,8,86668.22,2,0,1,70478.41,Standard,0
CUST-2320,51,Female,669,8,93981.03,1,1,1,37553.69,Standard,0
CUST-2321,44,Female,563,1,48776.86,3,1,0,131076.09,VIP,1
CUST-2322,34,Female,627,6,179024.98,2,1,1,65415.01,Standard,0
CUST-2323,60,Male,511,6,108967.02,3,0,0,79914.54,Standard,1
CUST-2324,61,Female,788,3,195710.43,3,0,1,65483.99,Standard,1
CUST-2325,68,Male,506,8,162193.54,1,1,1,63753.25,Standard,1
CUST-2326,41,Male,771,7,111585.27,1,1,0,118412.78,Gold,0
CUST-2327,42,Male,600,0,189461.02,1,0,1,118445.78,Standard,0
CUST-2328,24,Female,715,1,101470.09,2,1,1,89723.52,Gold,0
CUST-2329,69,Male,446,1,177534.2,1,1,1,107202.12,Standard,1
CUST-2330,23,Male,367,7,72270.81,2,1,0,88957.9,Gold,1
CUST-2331,41,Female,676,0,76349.83,1,1,1,28573.65,Standard,0
CUST-2332,50,Male,798,3,84208.01,1,1,1,33250.8,Standard,0
CUST-2333,66,Male,732,9,109778.5,1,1,1,72967.57,Standard,0
CUST-2334,46,Male,446,4,111144.56,1,1,1,118718.29,Standard,0
CUST-2335,60,Female,350,8,99783.39,2,1,1,139153.28,Silver,1
CUST-2336,39,Male,565,6,61894.19,1,1,0,28713.54,Standard,1
CUST-2337,43,Male,481,7,185514.09,1,1,0,71003.76,Silver,1
CUST-2338,45,Female,609,8,118128.63,1,1,1,52972.8,Standard,0
CUST-2339,67,Female,474,6,82140.1,2,1,1,126900.66,Standard,1
CUST-2340,38,Male,431,4,130584.22,2,0,0,130746.02,Standard,1
CUST-2341,66,Female,632,4,153825.38,1,1,1,50801.11,Silver,1
CUST-2342,24,Female,520,9,192184.89,2,0,1,113853.41,Standard,0
CUST-2343,34,Female,408,5,100410.28,1,1,0,116469.5,Standard,1
CUST-2344,37,Male,381,4,23307.6,1,1,0,47132.21,Standard,1
CUST-2345,58,Female,510,8,88712.39,2,1,1,79211.99,Gold,1
CUST-2346,66,Female,633,2,96315.14,1,1,1,102542.23,Silver,1
CUST-2347,37,Male,455,2,179501.82,2,0,1,28258.33,Standard,0
CUST-2348,39,Male,454,6,79565.35,1,1,1,75573.98,Standard,0
CUST-2349,45,Male,788,6,190711.53,4,1,0,44369.78,Standard,1
CUST-2350,57,Male,577,5,97541.25,1,0,0,92737.06,Standard,1
CUST-2351,66,Female,537,2,194782.32,2,1,0,130364.7,Silver,1
CUST-2352,24,Male,419,6,2631.47,3,1,1,90594.24,Standard,0
CUST-2353,18,Male,667,4,179864.26,1,1,1,29497.95,Standard,0
CUST-2354,49,Female,813,6,186292.97,2,1,1,28707.16,Silver,0
CUST-2355,30,Male,639,1,192243.17,1,1,0,100687.89,Standard,0
CUST-2356,47,Female,436,5,3602.23,2,1,0,65997.69,Standard,1
CUST-2357,40,Male,719,7,35168.47,1,1,1,96583.31,Standard,0
CUST-2358,68,Male,711,0,131099.14,1,1,1,45454.64,Standard,0
CUST-2359,36,Male,821,3,6069.07,2,0,0,122107.79,Gold,0
CUST-2360,49,Male,405,0,13658.19,1,0,1,132589.96,Silver,0
CUST-2361,47,Male,462,0,44994.7,2,0,1,136153.2,Standard,0
CUST-2362,46,Female,362,9,102975.51,1,0,1,63009.32,Standard,0
CUST-2363,66,Female,789,7,109634.61,1,0,1,107591.92,Standard,0
CUST-2364,62,Male,367,6,7817.96,2,0,0,59880.3,Standard,1
CUST-2365,46,Female,531,9,34903.08,2,1,0,120344.6,Gold,1
CUST-2366,47,Female,810,0,100441.43,1,1,0,40065.63,Standard,0
CUST-2367,33,Female,462,1,119194.18,1,1,0,120345.6,Gold,1
CUST-2368,57,Male,578,3,30531.94,1,1,0,79966.08,Silver,1
CUST-2369,36,Male,520,0,80369.44,1,0,1,131943.69,Gold,0
CUST-2370,35,Male,644,2,180975.89,1,1,1,117366.36,Silver,0
CUST-2371,18,Female,538,7,199780.96,1,1,1,72064.96,Silver,0
CUST-2372,31,Female,775,7,197455.68,2,1,1,137942.4,Silver,0
CUST-2373,68,Male,814,7,176453.23,2,1,0,60417.14,Gold,1
CUST-2374,64,Male,428,5,79537.36,1,1,0,145873.58,Standard,1
CUST-2375,67,Female,495,5,137628.28,1,1,0,120900.42,Gold,1
CUST-2376,19,Female,756,4,83901.85,1,1,1,148834.36,Silver,0
CUST-2377,45,Female,531,8,130056.88,2,1,1,31738.08,Standard,0
CUST-2378,66,Female,848,3,62577.06,3,1,1,59254.51,VIP,1
CUST-2379,67,Male,635,9,121634.25,2,1,0,117658.03,Gold,1
CUST-2380,47,Female,599,6,105227.94,2,0,1,140281.21,Silver,0
CUST-2381,55,Female,703,0,5871.57,2,1,1,28596.35,Standard,0
CUST-2382,68,Male,663,8,158349.88,1,1,1,25001.16,VIP,1
CUST-2383,21,Female,545,6,3367.67,1,0,0,57030.33,Silver,0
CUST-2384,18,Female,672,9,59338.03,2,1,0,131597.33,Silver,0
CUST-2385,25,Male,420,8,2178.89,1,1,0,120894.14,Gold,1
CUST-2386,46,Female,597,6,75864.08,2,1,0,67534.68,Standard,1
CUST-2387,56,Female,495,1,13568.95,2,0,1,25251.41,Standard,0
CUST-2388,20,Female,455,5,182788.68,2,1,1,94338.22,Silver,0
CUST-2389,49,Male,612,9,83720.18,1,1,1,54744.43,Standard,0
CUST-2390,27,Male,645,3,92439.66,2,0,0,118201.12,Silver,0
CUST-2391,27,Female,419,2,70620.2,2,1,0,80793.71,Standard,1
CUST-2392,36,Male,819,1,125873.72,2,0,1,109825.24,Standard,0
CUST-2393,63,Female,542,5,157097.22,2,1,1,131538.6,Standard,1
CUST-2394,51,Female,417,7,129981.2,4,1,0,91969.97,Standard,1
CUST-2395,50,Male,843,5,149893.22,1,0,1,66994.44,Standard,0
CUST-2396,40,Male,654,8,181288.76,1,1,0,121192.94,Standard,1
CUST-2397,45,Male,401,4,172845.76,1,0,1,58148.4,Standard,0
CUST-2398,49,Male,719,1,135137.63,1,0,1,136439.85,Silver,0
CUST-2399,67,Female,712,7,43712.95,3,1,1,33928.46,Gold,1
CUST-2400,24,Female,634,8,127902.87,4,0,0,129433.58,Standard,1
CUST-2401,46,Female,754,9,101710.54,1,1,1,36444.47,Silver,0
CUST-2402,25,Female,823,3,143726.63,1,0,1,32017.12,Standard,0
CUST-2403,18,Male,683,5,166753.4,1,1,0,70407.12,Standard,0
CUST-2404,20,Female,358,9,148801.58,2,1,1,144568.67,Gold,0
CUST-2405,41,Female,600,7,169465.67,1,1,1,147935.76,Standard,0
CUST-2406,40,Female,780,8,13709.41,1,1,0,50258.81,Standard,0
CUST-2407,25,Female,681,4,7292.39,1,1,1,43579.69,Standard,0
CUST-2408,64,Male,647,5,52441.61,1,0,1,69119.17,VIP,0
CUST-2409,54,Female,784,3,180232.55,3,0,0,67135.86,Standard,1
CUST-2410,20,Male,533,4,164908.19,1,1,0,119949.11,Silver,0
CUST-2411,68,Male,528,6,136862.73,1,1,0,80499.88,Standard,1
CUST-2412,50,Male,547,8,140450.97,1,0,0,122485.45,Standard,1
CUST-2413,45,Female,477,9,145607.42,2,1,1,118589.14,Gold,0
CUST-2414,64,Female,369,5,188577.94,2,1,1,97288.8,Standard,1
CUST-2415,25,Female,821,5,166606.04,1,1,1,129189.01,Silver,0
CUST-2416,51,Female,760,7,125054.69,1,1,0,49455.97,Silver,1
CUST-2417,52,Female,771,3,133477.37,2,1,1,45226.31,Standard,0
CUST-2418,49,Female,677,2,43534.31,1,0,1,118831.28,Standard,0
CUST-2419,41,Male,414,6,131806.45,2,1,0,55599.63,Silver,1
CUST-2420,31,Male,531,4,85511.12,1,1,0,25349.3,Standard,1
CUST-2421,49,Male,590,1,31439.41,1,0,0,138995.02,Standard,1
CUST-2422,63,Female,718,1,161474.16,2,1,0,102867.13,Standard,1
CUST-2423,60,Female,373,5,102539.17,2,1,1,80617.21,Silver,1
CUST-2424,33,Male,733,7,195507.58,2,1,0,115717.06,Gold,0
CUST-2425,21,Male,780,0,57054.19,1,1,1,66666.47,Gold,0
CUST-2426,69,Female,804,5,96653.35,2,1,1,144208.26,Standard,0
CUST-2427,54,Male,432,1,90151.1,2,1,0,33577.54,Silver,1
CUST-2428,38,Female,819,1,25035.12,2,1,0,105118.52,Standard,0
CUST-2429,31,Female,668,6,85796.94,2,1,0,122161.19,Standard,0
CUST-2430,48,Male,534,9,58223.14,1,1,0,83640.74,Gold,1
CUST-2431,65,Male,788,0,32903.77,2,0,0,119371.04,Silver,1
CUST-2432,35,Female,665,5,57148.96,2,1,1,140863.8,Silver,0
CUST-2433,24,Female,448,6,47417.09,1,1,0,117999.24,Standard,1
CUST-2434,27,Female,411,7,147080.63,2,0,0,63670.86,Gold,1
CUST-2435,24,Female,635,6,7124.26,1,1,0,95230.8,Gold,0
CUST-2436,50,Male,826,5,123875.09,1,1,1,138950.44,Standard,0
CUST-2437,40,Male,371,8,152371.61,4,1,1,81137.22,Standard,1
CUST-2438,38,Female,808,2,96663.97,1,0,0,110212.31,Standard,0
CUST-2439,36,Female,561,5,186381.43,1,1,1,83189.34,Standard,0
CUST-2440,65,Male,475,3,141868.26,2,1,0,40168.02,Gold,1
CUST-2441,36,Female,762,1,149836.81,4,1,1,32324.7,Standard,0
CUST-2442,53,Female,848,0,40189.76,4,1,1,144034.24,Silver,0
CUST-2443,46,Male,774,0,155681.82,2,0,0,101567.72,Silver,1
CUST-2444,35,Male,391,9,166586.85,1,1,1,37976.86,Silver,0
CUST-2445,19,Female,447,2,72892.01,3,1,0,132179.82,Standard,1
CUST-2446,18,Male,798,3,43459.25,2,0,1,90336.64,VIP,0
CUST-2447,64,Male,380,1,77625.09,1,1,1,121491.51,Standard,1
CUST-2448,22,Male,507,0,148181.99,2,1,1,40844.52,Silver,0
CUST-2449,37,Female,461,3,84110.16,1,1,0,138363.8,Silver,1
CUST-2450,28,Female,751,6,147593.72,1,0,1,98816.93,Standard,0
CUST-2451,59,Female,596,9,23599.34,2,0,0,117282.59,Gold,1
CUST-2452,19,Male,471,5,161396.33,2,0,0,28922.46,Standard,0
CUST-2453,20,Female,622,5,51388.29,1,1,0,64413.11,Silver,0
CUST-2454,40,Female,643,8,50536.87,1,1,0,58430.68,Silver,1
CUST-2455,29,Female,747,1,118485.81,2,1,1,143699.37,Silver,0
CUST-2456,37,Female,820,3,14953.49,1,0,1,48167.32,Standard,0
CUST-2457,22,Male,822,4,6233.25,1,1,0,113381.47,Silver,0
CUST-2458,54,Female,556,0,52944.7,2,1,1,30344.19,Silver,0
CUST-2459,55,Male,459,7,108075.44,3,0,0,49710.51,Standard,1
CUST-2460,47,Female,789,7,181615.66,2,1,0,67324.67,Silver,1
CUST-2461,26,Male,627,5,169440.6,2,1,1,124313.23,Silver,0
CUST-2462,51,Male,800,4,98598.85,2,0,0,123747.07,Silver,1
CUST-2463,61,Male,405,7,8373.35,2,1,0,144075.23,Standard,1
CUST-2464,52,Female,724,2,107515.29,1,1,1,139595.94,Standard,0
CUST-2465,69,Male,752,2,141254.32,3,1,0,35189.32,Standard,1
CUST-2466,39,Female,406,1,68493.74,1,1,1,128733.47,Standard,0
CUST-2467,61,Male,777,4,23101.6,1,1,1,81396.7,Gold,0
CUST-2468,41,Male,831,2,56435.02,1,1,0,133235.76,Standard,0
CUST-2469,34,Female,640,2,154546.18,2,1,0,36160.78,Standard,0
CUST-2470,27,Male,463,5,70897.52,1,0,0,127846.14,Silver,1
CUST-2471,47,Male,730,7,162584.32,1,1,0,44955.31,Standard,1
CUST-2472,63,Female,734,1,64584.77,2,1,0,66730.2,Standard,1
CUST-2473,40,Male,657,3,33547.45,3,1,0,28606.05,Silver,1
CUST-2474,49,Male,690,6,87733.82,2,0,0,40466.01,Silver,1
CUST-2475,34,Male,826,0,91002.63,1,1,0,80715.74,Silver,0
CUST-2476,67,Female,547,0,4205.54,1,0,0,127292.29,Silver,1
CUST-2477,68,Female,770,9,24291.97,2,0,0,121708.72,Standard,1
CUST-2478,34,Female,670,6,37800.28,1,0,0,54412.22,Gold,0
CUST-2479,31,Female,528,6,23603.88,2,0,0,43961.31,Standard,1
CUST-2480,26,Male,734,0,68963.69,1,1,1,73657.93,Standard,0
CUST-2481,57,Male,568,0,192959.95,3,0,0,135408.54,Standard,1
CUST-2482,19,Female,626,3,102335.29,2,0,0,36428.13,Standard,0
CUST-2483,62,Male,786,4,125883.65,1,0,0,92864.25,Standard,1
CUST-2484,42,Male,365,4,71920.91,3,1,1,36100.93,Silver,1
CUST-2485,56,Male,841,3,65374.06,1,1,0,83776.52,Silver,1
CUST-2486,26,Male,728,7,5606.21,1,1,1,40848.94,Standard,0
CUST-2487,39,Female,410,6,100566.4,2,1,1,35042.12,Silver,0
CUST-2488,60,Male,403,8,97238.19,1,0,0,48856.17,Silver,1
CUST-2489,63,Male,517,6,32408.31,1,0,0,56907.0,Standard,1
CUST-2490,21,Male,375,9,153100.48,1,1,1,59533.17,Standard,0
CUST-2491,43,Female,685,0,99042.19,1,0,0,105658.49,Standard,1
CUST-2492,46,Male,825,6,68459.8,1,1,1,31872.73,Standard,0
CUST-2493,62,Male,414,0,30234.87,2,1,1,35101.13,Silver,1
CUST-2494,51,Female,449,6,110880.0,2,1,1,48588.27,Standard,0
CUST-2495,40,Female,423,9,150810.59,1,1,0,134007.88,Standard,1
CUST-2496,54,Male,541,7,57117.87,1,0,1,103575.62,Standard,0
CUST-2497,28,Male,520,8,44540.08,3,1,1,116296.21,Gold,0
CUST-2498,23,Male,622,2,104865.06,4,1,0,71295.27,Standard,1
CUST-2499,35,Male,726,3,31913.32,2,1,1,51652.54,Silver,0
CUST-2500,38,Male,536,3,133656.06,2,1,0,29745.17,Standard,1
CUST-2501,59,Male,372,8,121463.38,2,0,0,86066.95,Silver,1
CUST-2502,53,Male,740,6,18329.33,1,1,0,96785.12,Gold,1
CUST-2503,58,Male,777,2,8267.56,1,1,1,137125.35,Standard,0
CUST-2504,55,Female,530,9,124437.44,1,0,1,135261.62,Gold,0
CUST-2505,51,Female,676,4,59564.46,2,1,0,78085.64,Silver,1
CUST-2506,34,Female,457,6,18202.7,2,0,1,77947.24,Silver,0
CUST-2507,54,Male,684,7,152126.31,2,1,1,45140.36,Silver,0
CUST-2508,42,Male,511,0,63494.76,1,1,1,57181.12,Standard,0
CUST-2509,55,Female,651,1,92460.31,2,0,1,140707.95,Standard,0
CUST-2510,29,Male,842,6,48125.77,2,0,0,42629.5,VIP,0
CUST-2511,40,Male,801,1,125836.1,3,1,0,146087.44,Standard,1
CUST-2512,59,Female,555,6,60996.19,1,1,1,88092.32,VIP,0
CUST-2513,39,Female,427,8,193636.17,2,0,1,82075.85,Silver,0
CUST-2514,38,Female,365,1,140886.56,1,1,0,46829.8,Standard,1
CUST-2515,44,Male,676,6,28207.73,2,1,1,107692.66,Silver,0
CUST-2516,48,Male,445,3,83922.27,2,1,0,82480.69,Gold,1
CUST-2517,23,Female,496,1,77698.8,1,1,1,71332.88,Standard,0
CUST-2518,44,Male,351,6,107315.18,2,1,0,58064.53,Standard,1
CUST-2519,57,Female,359,4,168544.2,1,0,0,33310.85,Silver,1
CUST-2520,51,Female,783,0,117100.98,2,1,1,89916.01,VIP,0
CUST-2521,29,Female,474,4,13249.78,1,0,1,64113.54,Silver,0
CUST-2522,62,Male,430,2,131427.72,2,1,0,113483.15,Standard,1
CUST-2523,24,Male,834,6,2644.79,3,1,0,115440.29,Standard,0
CUST-2524,27,Female,489,5,156212.13,1,1,1,66513.38,Gold,0
CUST-2525,62,Female,675,7,133660.58,2,1,0,108640.09,Standard,1
CUST-2526,34,Female,499,4,62448.35,2,1,1,57334.41,Silver,0
CUST-2527,43,Male,637,1,59195.92,1,1,0,115896.72,Standard,1
CUST-2528,38,Male,710,8,159856.33,2,0,0,27009.64,Standard,0
CUST-2529,45,Female,689,7,156884.0,2,1,1,43951.1,Standard,0
CUST-2530,63,Female,478,5,71108.17,3,1,1,55626.08,Standard,1
CUST-2531,19,Female,787,9,60490.6,3,0,1,121616.94,Silver,0
CUST-2532,60,Male,588,6,112405.13,2,0,0,33297.03,Standard,1
CUST-2533,18,Female,407,8,2664.77,2,1,1,48507.14,Standard,0
CUST-2534,68,Female,547,6,17450.74,2,1,1,69828.01,Standard,1
CUST-2535,53,Female,560,2,26107.75,2,0,0,26146.87,Gold,1
CUST-2536,68,Male,751,5,37896.95,1,0,1,120265.12,Silver,0
CUST-2537,43,Male,739,6,102891.61,1,1,0,95013.14,Standard,1
CUST-2538,46,Female,394,1,198456.14,2,1,1,137584.92,Standard,0
CUST-2539,38,Male,446,2,130870.07,2,0,1,28878.88,Silver,0
CUST-2540,28,Male,628,3,13198.46,2,0,1,58923.84,Gold,0
CUST-2541,57,Female,372,9,105590.3,1,0,0,116406.46,Standard,1
CUST-2542,28,Male,759,5,99832.4,4,1,1,109393.68,Standard,0
CUST-2543,53,Female,810,0,29689.4,1,1,0,55382.18,Silver,1
CUST-2544,66,Male,740,8,184134.2,2,1,1,99460.97,Silver,0
CUST-2545,56,Female,684,4,88712.28,1,1,1,124219.71,Silver,0
CUST-2546,57,Female,393,6,198917.27,1,1,0,29172.59,Standard,1
CUST-2547,52,Male,376,8,84594.39,2,1,1,114703.55,Standard,1
CUST-2548,51,Male,631,8,121983.58,4,1,1,56512.13,Standard,1
CUST-2549,64,Male,446,0,21847.74,1,1,1,143481.41,Standard,1
CUST-2550,41,Male,812,0,91391.34,1,0,0,92277.53,VIP,0
CUST-2551,39,Female,385,2,48514.41,1,0,0,29173.27,Standard,1
CUST-2552,22,Female,458,5,167277.39,1,0,1,75428.83,Silver,0
CUST-2553,50,Male,404,1,157000.0,1,0,1,145788.98,Silver,0
CUST-2554,53,Male,541,9,165011.82,2,1,0,116296.62,Standard,1
CUST-2555,64,Male,568,0,144998.28,3,1,0,62559.88,Gold,1
CUST-2556,37,Female,534,0,166703.96,1,1,1,96908.41,Silver,0
CUST-2557,36,Male,418,4,40964.92,2,1,0,99887.67,VIP,1
CUST-2558,52,Female,666,3,90956.71,1,0,1,27918.52,Standard,0
CUST-2559,69,Female,479,0,138677.53,1,1,1,47354.17,Standard,1
CUST-2560,60,Female,404,3,127841.11,1,1,1,93972.12,Standard,1
CUST-2561,34,Male,727,2,143554.54,2,1,1,75344.07,Standard,0
CUST-2562,62,Female,446,1,45627.42,1,1,1,48754.73,Standard,1
CUST-2563,60,Male,685,8,20588.51,1,1,0,121583.59,Gold,1
CUST-2564,51,Male,436,0,183444.51,1,1,1,86124.36,Standard,0
CUST-2565,26,Female,643,6,112474.21,1,1,1,63746.64,Gold,0
CUST-2566,43,Female,468,3,31611.36,1,1,1,45209.67,Standard,0
CUST-2567,19,Male,557,4,158893.88,3,0,0,101395.42,Silver,1
CUST-2568,26,Male,683,9,183071.06,2,1,0,108282.66,Standard,0
CUST-2569,26,Male,762,4,34743.14,3,1,1,108699.65,Standard,0
CUST-2570,57,Male,503,0,163665.08,1,1,1,52535.92,Gold,1
CUST-2571,34,Male,384,5,186711.79,1,1,1,99417.3,Standard,0
CUST-2572,18,Male,428,8,187733.96,1,1,1,138175.81,Silver,0
CUST-2573,42,Male,416,1,182917.14,1,1,1,69148.45,Silver,0
CUST-2574,60,Female,692,6,109737.78,2,0,1,51345.87,Gold,0
CUST-2575,57,Female,762,5,71886.05,1,0,0,121518.69,Silver,1
CUST-2576,59,Female,383,4,2447.29,1,1,0,47110.37,Standard,1
CUST-2577,42,Male,446,3,13121.53,2,1,1,56718.59,Silver,0
CUST-2578,56,Female,518,3,86338.96,1,1,1,37580.55,Standard,0
CUST-2579,52,Female,518,5,80465.9,4,1,0,58484.29,Standard,1
CUST-2580,20,Female,500,3,37758.07,1,1,0,76291.88,Standard,0
CUST-2581,67,Female,420,4,79700.53,2,1,1,33019.73,Standard,1
CUST-2582,54,Female,352,5,35755.36,1,1,0,133963.61,Standard,1
CUST-2583,61,Female,663,4,169909.46,4,0,1,89209.35,VIP,1
CUST-2584,61,Male,381,6,60340.78,1,0,1,98512.95,Silver,1
CUST-2585,68,Female,636,8,120114.31,2,0,1,71410.72,Gold,1
CUST-2586,47,Female,431,9,101065.77,1,1,0,108729.4,Standard,1
CUST-2587,55,Female,392,6,11324.53,2,1,1,78972.72,Silver,1
CUST-2588,51,Female,740,6,188504.51,1,1,0,120164.22,Standard,1
CUST-2589,29,Male,454,3,105917.97,1,1,1,127675.27,Standard,0
CUST-2590,36,Male,350,0,65686.47,3,1,1,108981.14,Gold,1
CUST-2591,54,Female,410,7,32467.19,4,1,0,86416.95,VIP,1
CUST-2592,61,Female,619,3,68366.8,1,1,1,122783.67,Standard,0
CUST-2593,66,Female,529,0,5081.81,2,0,1,86785.66,Gold,1
CUST-2594,34,Male,573,4,73348.07,1,0,1,38938.74,Silver,0
CUST-2595,27,Male,355,7,106765.7,2,1,0,39542.53,VIP,1
CUST-2596,66,Female,452,3,174501.38,2,1,1,143572.89,Silver,1
CUST-2597,64,Female,359,7,137787.51,2,1,1,51695.38,VIP,1
CUST-2598,29,Female,420,7,23204.88,3,1,1,126990.62,Gold,1
CUST-2599,33,Male,439,2,30401.52,2,1,0,55838.18,Standard,1
CUST-2600,41,Female,575,8,86196.55,1,0,1,78847.51,Standard,0
CUST-2601,36,Male,507,2,39945.84,2,1,1,106868.51,Standard,0
CUST-2602,25,Female,577,0,6542.11,1,1,1,44858.4,Silver,0
CUST-2603,48,Male,754,1,161197.96,2,1,0,117155.81,Gold,1
CUST-2604,38,Male,475,5,4884.99,2,1,1,111239.12,Silver,0
CUST-2605,34,Female,793,9,166307.23,1,1,1,92885.36,Silver,0
CUST-2606,40,Female,558,1,29676.69,2,0,0,95736.22,Standard,1
CUST-2607,54,Male,446,5,194961.0,2,1,0,38221.47,Standard,1
CUST-2608,33,Female,423,0,121170.91,2,1,0,79493.64,Standard,1
CUST-2609,23,Male,464,0,147261.61,1,0,1,35821.42,Silver,0
CUST-2610,25,Male,540,4,22986.24,1,1,0,63482.91,Standard,0
CUST-2611,42,Male,844,9,172558.71,2,1,0,137539.02,Standard,0
CUST-2612,35,Male,519,8,167999.28,1,1,1,96816.68,Standard,0
CUST-2613,42,Male,656,7,130945.55,1,0,1,117837.93,Standard,0
CUST-2614,29,Male,797,2,100952.7,2,1,1,96735.73,Standard,0
CUST-2615,32,Male,553,2,144576.35,1,1,0,49279.59,Standard,1
CUST-2616,43,Female,405,0,2179.71,2,0,1,99351.04,VIP,0
CUST-2617,58,Male,557,2,118895.71,2,0,1,119423.51,Standard,0
CUST-2618,62,Female,390,0,169633.82,2,1,1,42300.63,Gold,1
CUST-2619,43,Male,381,7,72023.08,1,0,0,127113.34,Standard,1
CUST-2620,64,Female,364,0,22549.58,1,1,1,94424.02,Gold,1
CUST-2621,49,Male,411,4,84754.57,1,1,0,25534.4,Silver,1
CUST-2622,27,Male,504,8,145693.79,2,1,0,89972.31,Gold,1
CUST-2623,33,Male,633,6,22352.94,1,1,1,74458.94,Gold,0
CUST-2624,24,Male,558,3,42003.66,4,1,0,62055.81,Silver,1
CUST-2625,34,Male,669,8,30362.82,2,0,1,121407.15,Gold,0
CUST-2626,40,Female,843,8,159592.6,3,1,0,137437.49,Silver,1
CUST-2627,43,Female,536,1,13515.63,1,1,0,120331.64,Silver,1
CUST-2628,38,Female,847,9,137630.71,1,1,0,130846.57,Standard,0
CUST-2629,39,Female,791,9,73924.93,3,0,1,138597.62,Gold,0
CUST-2630,24,Male,479,5,151402.46,1,0,1,139078.66,Gold,0
CUST-2631,31,Male,476,3,192912.3,1,1,1,39329.77,Standard,0
CUST-2632,32,Male,641,7,23794.51,1,0,1,82048.19,Silver,0
CUST-2633,24,Male,463,6,63562.62,4,1,0,25035.81,Gold,1
CUST-2634,26,Male,548,6,162214.96,2,1,1,88307.82,Silver,0
CUST-2635,68,Female,362,9,53965.52,2,0,1,140530.49,VIP,1
CUST-2636,65,Male,620,8,43809.0,2,1,1,49887.79,Standard,1
CUST-2637,25,Male,438,4,165250.22,1,0,1,104973.33,Standard,0
CUST-2638,67,Female,564,5,197429.39,2,1,1,105547.38,Silver,1
CUST-2639,40,Female,793,0,111819.24,1,1,1,45044.25,Standard,0
CUST-2640,46,Male,627,5,56331.7,2,0,0,54815.93,Standard,1
CUST-2641,35,Female,796,1,80314.63,1,0,1,82752.72,Silver,0
CUST-2642,48,Female,823,5,34855.94,1,1,0,48526.17,Standard,0
CUST-2643,47,Male,830,8,152615.57,2,1,1,98124.25,Standard,0
CUST-2644,69,Male,552,7,154921.33,1,0,0,85567.72,Standard,1
CUST-2645,56,Male,423,8,175149.08,2,1,1,89899.77,Silver,1
CUST-2646,52,Female,374,9,6293.91,1,0,0,41808.44,Standard,1
CUST-2647,35,Female,450,7,112834.29,1,0,0,89656.48,Standard,1
CUST-2648,59,Male,525,2,43636.83,2,1,1,31184.77,Silver,1
CUST-2649,56,Male,776,7,68835.72,2,1,1,135191.91,Standard,0
CUST-2650,34,Female,466,5,157206.17,1,1,1,67906.21,Gold,0
CUST-2651,31,Male,515,5,39214.7,2,1,0,132042.17,Standard,1
CUST-2652,48,Male,390,5,128030.01,1,0,0,112707.05,Gold,1
CUST-2653,41,Female,778,2,131258.67,1,0,1,120771.57,Standard,0
CUST-2654,52,Female,693,9,190864.69,1,1,1,64318.06,Gold,0
CUST-2655,61,Female,773,0,155257.02,3,1,0,53467.99,Standard,1
CUST-2656,62,Female,715,3,160923.39,2,1,0,75842.57,Standard,1
CUST-2657,51,Female,469,9,106788.55,1,1,0,28028.23,Gold,1
CUST-2658,20,Male,446,5,38169.38,2,1,1,139844.46,Standard,0
CUST-2659,54,Female,494,9,85687.11,2,1,0,73376.78,Silver,1
CUST-2660,60,Male,565,1,110348.43,1,1,0,148569.58,Standard,1
CUST-2661,57,Female,578,6,136005.43,2,0,1,120181.18,Silver,0
CUST-2662,43,Male,662,6,121934.11,1,1,1,35064.38,Gold,0
CUST-2663,40,Female,479,3,79401.59,2,0,0,107523.53,VIP,1
CUST-2664,61,Male,701,3,53797.31,2,0,1,58854.9,Standard,0
CUST-2665,56,Male,726,0,34477.94,1,1,1,55464.83,Standard,0
CUST-2666,32,Male,667,1,139075.23,1,1,0,57070.33,VIP,0
CUST-2667,66,Male,821,8,129434.34,4,1,0,139509.38,Gold,1
CUST-2668,21,Female,486,9,137787.12,2,1,0,87497.52,Standard,0
CUST-2669,46,Female,673,7,75132.96,2,0,1,108683.86,Silver,0
CUST-2670,39,Male,686,7,53219.16,1,1,0,60118.48,Standard,0
CUST-2671,42,Male,622,8,152184.54,1,1,1,90369.31,VIP,0
CUST-2672,30,Male,466,6,154955.83,1,1,0,68762.52,Standard,1
CUST-2673,35,Male,655,8,91667.66,1,0,1,65142.38,Silver,0
CUST-2674,50,Male,717,9,122768.91,2,1,1,55871.11,Silver,0
CUST-2675,33,Female,443,1,75330.41,3,1,1,76125.86,Gold,1
CUST-2676,62,Male,517,5,140687.49,2,1,0,107503.76,Gold,1
CUST-2677,59,Male,791,2,167308.6,1,0,1,52755.47,Standard,0
CUST-2678,61,Male,552,5,137958.42,2,1,1,145680.5,Silver,1
CUST-2679,19,Male,690,2,103003.94,3,1,1,40576.46,VIP,0
CUST-2680,52,Male,498,7,92272.93,2,1,1,85025.9,Silver,0
CUST-2681,59,Female,751,3,128821.61,2,1,0,35628.53,Silver,1
CUST-2682,51,Male,532,9,136282.37,4,1,0,27833.17,Silver,1
CUST-2683,47,Male,762,5,112187.16,2,1,1,140334.66,Standard,0
CUST-2684,30,Male,501,8,125363.51,1,1,0,126298.1,Silver,1
CUST-2685,30,Male,423,1,20221.15,1,1,0,111769.42,Standard,1
CUST-2686,35,Male,714,1,190401.34,4,1,0,133148.85,Standard,1
CUST-2687,49,Female,750,6,158363.84,2,1,0,125356.05,Gold,1
CUST-2688,49,Female,623,1,75411.65,1,1,1,105904.72,Standard,0
CUST-2689,52,Female,391,1,112999.71,2,1,1,130917.79,Standard,1
CUST-2690,56,Male,845,3,10417.58,2,0,1,73850.07,Standard,0
CUST-2691,63,Male,561,8,9204.33,4,1,1,94093.98,Standard,1
CUST-2692,69,Female,450,7,50908.87,1,1,0,122038.83,Gold,1
CUST-2693,46,Female,394,1,138250.63,2,1,1,35599.75,Silver,0
CUST-2694,66,Female,431,7,170577.4,3,1,1,132330.68,Standard,1
CUST-2695,46,Male,366,3,112277.99,1,1,0,44603.81,Standard,1
CUST-2696,61,Male,422,1,106894.42,1,1,1,133067.66,Standard,1
CUST-2697,33,Male,363,9,81059.6,3,0,0,63916.61,Standard,1
CUST-2698,61,Female,782,6,33157.99,2,0,0,65847.86,Silver,1
CUST-2699,64,Female,506,5,24552.47,2,0,1,34243.59,Standard,1
CUST-2700,27,Female,572,9,152375.27,2,0,0,135737.45,Silver,0
CUST-2701,47,Male,481,4,185573.21,1,0,0,46813.8,Standard,1
CUST-2702,42,Female,687,0,92198.36,3,0,1,103756.24,Standard,0
CUST-2703,56,Male,753,1,132229.69,1,1,1,105495.95,Standard,0
CUST-2704,37,Male,725,7,182977.07,1,1,1,60143.94,Standard,0
CUST-2705,22,Male,725,0,18932.61,1,1,0,148207.62,Gold,0
CUST-2706,18,Female,396,2,154325.81,1,1,1,33020.78,Standard,0
CUST-2707,47,Male,456,1,123746.56,2,1,0,100984.0,Standard,1
CUST-2708,66,Male,457,4,120128.8,2,0,1,84942.99,Gold,1
CUST-2709,20,Female,614,3,59215.55,3,1,1,55685.51,Silver,0
CUST-2710,62,Male,554,6,137094.78,1,1,1,45443.96,Standard,1
CUST-2711,31,Male,428,4,159164.75,2,1,1,117135.54,VIP,0
CUST-2712,47,Male,504,7,23458.77,2,1,1,139539.36,Standard,0
CUST-2713,67,Male,620,3,107170.76,2,1,1,38443.28,Silver,1
CUST-2714,21,Female,825,5,21151.77,2,1,1,49247.53,Standard,0
CUST-2715,35,Male,834,3,174642.23,1,1,0,148283.72,Silver,0
CUST-2716,54,Male,596,1,102019.71,1,1,1,26877.83,Silver,0
CUST-2717,42,Female,368,0,161785.17,1,1,0,88531.5,Standard,1
CUST-2718,65,Female,695,0,74249.04,2,1,0,89514.11,Silver,1
CUST-2719,18,Female,785,7,25890.57,4,1,0,57895.19,Silver,0
CUST-2720,63,Male,375,3,9258.36,1,1,0,107878.61,Silver,1
CUST-2721,32,Male,566,4,57020.41,1,1,1,143117.61,Gold,0
CUST-2722,26,Female,503,7,49602.51,1,1,0,81276.74,Silver,0
CUST-2723,32,Female,503,6,112510.04,2,1,0,118677.44,Standard,1
CUST-2724,66,Female,523,7,5326.03,1,1,0,105758.78,Silver,1
CUST-2725,41,Female,441,7,104593.54,1,1,0,84117.73,Silver,1
CUST-2726,21,Female,782,5,78962.58,1,1,1,31226.54,Standard,0
CUST-2727,29,Male,687,9,115847.33,2,0,0,117718.73,Silver,0
CUST-2728,54,Male,829,1,140781.09,2,1,1,70406.43,Silver,0
CUST-2729,54,Female,530,5,127184.3,2,1,1,53061.84,VIP,0
CUST-2730,60,Male,480,0,196944.23,1,1,1,143533.58,Silver,1
CUST-2731,23,Male,799,0,28514.8,2,1,1,121687.85,Standard,0
CUST-2732,56,Female,830,2,86517.66,1,1,1,145283.59,Silver,0
CUST-2733,63,Female,647,2,85541.32,1,0,1,57027.12,Gold,0
CUST-2734,41,Male,624,4,83993.59,2,0,0,129474.17,Gold,1
CUST-2735,28,Male,622,0,133095.88,1,1,1,100965.18,Gold,0
CUST-2736,30,Male,841,9,98475.78,2,0,1,147687.96,Gold,0
CUST-2737,51,Female,766,5,103969.08,1,1,0,143289.62,Standard,1
CUST-2738,42,Female,425,6,87038.84,1,1,1,146621.01,Silver,0
CUST-2739,24,Male,526,9,198348.19,3,1,1,143970.95,Silver,0
CUST-2740,69,Male,533,2,185584.71,2,1,1,25957.61,Standard,1
CUST-2741,21,Female,668,3,62237.11,2,1,1,117635.68,Standard,0
CUST-2742,25,Male,480,9,23207.19,2,1,1,58991.82,Gold,0
CUST-2743,37,Female,712,9,168113.18,2,1,0,113128.39,Silver,0
CUST-2744,46,Female,398,9,199436.88,2,1,0,147576.4,VIP,1
CUST-2745,68,Male,404,9,59229.17,2,1,0,29919.92,VIP,1
CUST-2746,62,Female,503,9,72199.2,1,1,1,95873.48,Standard,1
CUST-2747,63,Male,704,2,188385.0,1,1,1,116869.14,Gold,0
CUST-2748,27,Male,549,0,142514.77,2,1,1,56669.85,Standard,0
CUST-2749,60,Female,657,7,59832.03,1,1,1,53140.24,Silver,0
CUST-2750,51,Male,705,9,116628.25,1,0,1,32543.19,Standard,0
CUST-2751,43,Female,722,9,188901.69,1,1,0,36739.98,Standard,1
CUST-2752,58,Female,467,1,162550.81,1,0,1,107093.74,Gold,1
CUST-2753,66,Male,612,0,148624.71,1,1,1,88151.33,Standard,1
CUST-2754,20,Male,395,7,147662.27,1,1,1,28759.03,Silver,0
CUST-2755,23,Male,651,6,36426.04,1,0,1,146207.72,Standard,0
CUST-2756,22,Male,705,6,165111.57,1,1,0,107005.73,Standard,0
CUST-2757,22,Male,749,3,55947.61,2,1,0,89433.57,Standard,0
CUST-2758,64,Male,757,8,186142.96,1,1,1,59090.53,Silver,0
CUST-2759,40,Male,538,5,73563.36,3,1,1,107262.36,Standard,1
CUST-2760,66,Female,659,1,171674.42,2,1,0,70520.98,Standard,1
CUST-2761,26,Female,667,0,53980.47,2,1,0,112811.77,Silver,0
CUST-2762,52,Female,478,0,103390.86,2,0,0,110321.49,Standard,1
CUST-2763,37,Male,398,8,22270.17,1,1,1,36592.97,Standard,0
CUST-2764,66,Male,374,3,132363.66,1,1,1,138657.59,Gold,1
CUST-2765,59,Female,615,4,167379.78,3,0,1,85871.78,Standard,1
CUST-2766,52,Male,467,2,143971.01,1,1,1,74118.12,Standard,0
CUST-2767,67,Male,813,3,105128.44,3,1,0,144432.77,Silver,1
CUST-2768,35,Female,493,7,9978.06,2,1,1,79776.16,Silver,0
CUST-2769,34,Female,791,3,186754.76,1,1,1,115152.61,Silver,0
CUST-2770,41,Female,549,8,141392.42,2,1,1,106892.06,VIP,0
CUST-2771,20,Male,506,8,149426.98,2,1,0,45642.51,Standard,0
CUST-2772,49,Female,836,5,159141.43,1,1,1,148892.85,VIP,0
CUST-2773,52,Female,697,1,149800.94,1,0,1,82950.54,VIP,0
CUST-2774,55,Female,483,9,88782.12,2,0,0,74347.82,Gold,1
CUST-2775,30,Female,749,6,146990.74,2,1,1,139951.69,Standard,0
CUST-2776,64,Female,497,8,125380.33,1,0,1,91154.79,Gold,1
CUST-2777,42,Male,685,5,170949.25,1,1,1,113134.62,Standard,0
CUST-2778,26,Male,420,2,160689.5,3,1,0,130780.76,Silver,1
CUST-2779,21,Female,582,6,9233.5,2,1,0,54436.8,Standard,0
CUST-2780,31,Female,683,4,76398.53,2,1,0,46183.32,Gold,0
CUST-2781,54,Female,648,0,7908.51,4,0,0,33563.35,Silver,1
CUST-2782,51,Male,503,2,21312.91,1,1,0,137141.66,Standard,1
CUST-2783,28,Male,439,4,120680.73,2,1,0,50045.89,Gold,1
CUST-2784,58,Female,683,6,174890.54,2,1,1,63469.26,Silver,0
CUST-2785,20,Female,548,2,24845.13,2,1,0,60725.87,Silver,0
CUST-2786,45,Female,510,5,90766.77,1,1,1,63073.5,Standard,0
CUST-2787,46,Female,375,4,182264.9,1,0,0,108507.64,Gold,1
CUST-2788,26,Female,470,0,163045.9,2,0,0,144264.19,Silver,1
CUST-2789,20,Female,650,9,104413.91,1,1,1,66181.68,Standard,0
CUST-2790,42,Female,561,5,154542.72,3,1,1,75955.89,Silver,1
CUST-2791,51,Female,412,7,105016.06,1,1,1,121393.37,Silver,1
CUST-2792,29,Female,800,0,32460.38,1,0,1,79042.24,Silver,0
CUST-2793,59,Male,785,1,25822.49,1,1,1,140755.35,Standard,0
CUST-2794,26,Male,417,3,38485.28,2,1,1,87902.26,Standard,0
CUST-2795,32,Female,602,1,70833.5,3,0,1,68466.86,Silver,0
CUST-2796,57,Male,759,8,186175.32,2,1,0,146446.56,Gold,1
CUST-2797,42,Male,808,9,160136.0,3,1,1,78222.73,Silver,0
CUST-2798,22,Male,351,7,87127.51,1,1,1,53896.86,Standard,0
CUST-2799,28,Male,747,7,99122.27,1,1,1,47212.6,Standard,0
CUST-2800,51,Male,457,3,53856.28,2,1,0,149397.67,Silver,1
CUST-2801,41,Male,635,4,141166.24,3,1,1,119123.46,Gold,0
CUST-2802,32,Female,398,3,160750.37,2,1,1,76082.47,Standard,0
CUST-2803,55,Male,489,8,48542.03,2,1,0,128295.42,Silver,1
CUST-2804,25,Male,567,1,9322.5,1,0,1,93350.77,Standard,0
CUST-2805,22,Male,393,7,125153.9,1,1,1,64673.7,Standard,0
CUST-2806,65,Female,766,1,112939.91,3,0,1,117923.23,Standard,1
CUST-2807,43,Male,618,0,81024.1,1,1,0,118236.84,Gold,1
CUST-2808,35,Female,427,9,129134.89,1,1,0,87521.15,Gold,1
CUST-2809,23,Female,565,2,110572.05,2,1,0,30644.79,Standard,0
CUST-2810,54,Female,731,8,50865.73,1,1,1,34627.81,Silver,0
CUST-2811,65,Male,447,2,80148.07,2,1,0,123593.68,Standard,1
CUST-2812,30,Female,585,8,86194.6,1,1,1,127934.55,Silver,0
CUST-2813,45,Male,631,6,176169.35,2,1,1,109786.22,Silver,0
CUST-2814,22,Female,498,9,192219.93,2,1,1,129883.57,Standard,0
CUST-2815,30,Female,761,0,178707.27,2,0,0,114935.93,Standard,0
CUST-2816,34,Male,653,9,144116.43,2,1,1,137116.83,Gold,0
CUST-2817,67,Male,833,4,117413.55,1,1,0,43799.78,Silver,1
CUST-2818,57,Male,773,8,138163.07,2,1,0,73467.69,Standard,1
CUST-2819,62,Female,415,2,187882.73,2,1,1,83013.85,Silver,1
CUST-2820,49,Male,583,8,50749.75,2,0,1,62207.97,Gold,0
CUST-2821,46,Female,806,4,107488.98,1,1,1,115670.81,Silver,0
CUST-2822,68,Male,436,8,138232.0,1,1,1,139054.85,Standard,1
CUST-2823,20,Female,428,9,136170.15,1,1,1,76560.27,Silver,0
CUST-2824,57,Female,554,5,51203.51,2,0,0,142692.75,Silver,1
CUST-2825,51,Female,628,8,117759.57,1,1,1,89596.11,Silver,0
CUST-2826,57,Female,686,6,159386.72,3,1,0,90314.45,VIP,1
CUST-2827,44,Male,603,6,95540.72,2,1,1,100027.44,Standard,0
CUST-2828,30,Male,653,7,158866.32,2,1,0,58541.38,Silver,0
CUST-2829,62,Female,729,6,72616.64,2,1,0,72920.06,Standard,1
CUST-2830,50,Male,479,8,187813.27,1,0,0,94154.68,Standard,1
CUST-2831,23,Male,433,8,107251.76,2,0,0,142747.86,Silver,1
CUST-2832,41,Male,625,5,119593.64,2,1,1,105336.57,Gold,0
CUST-2833,36,Male,536,6,7240.95,3,1,1,66639.57,Standard,1
CUST-2834,33,Male,395,1,34883.56,3,1,0,26308.57,VIP,1
CUST-2835,57,Female,736,8,126953.84,1,1,0,147708.21,Standard,1
CUST-2836,45,Male,532,0,84554.2,1,1,0,86623.07,Standard,1
CUST-2837,50,Female,617,0,102124.59,2,1,1,142311.89,Standard,0
CUST-2838,65,Male,645,2,13531.31,2,0,1,93668.15,Silver,0
CUST-2839,58,Female,671,5,166992.91,1,1,1,100683.11,Silver,0
CUST-2840,30,Male,449,4,157116.61,1,0,0,113989.03,Standard,1
CUST-2841,60,Female,427,1,37885.44,1,1,0,65121.97,Standard,1
CUST-2842,62,Female,621,8,127231.54,2,1,0,112373.0,Silver,1
CUST-2843,42,Male,688,9,163844.73,4,1,1,90848.99,Silver,0
CUST-2844,59,Female,511,3,128529.97,2,0,0,109059.99,Standard,1
CUST-2845,53,Female,393,3,62769.22,1,1,0,129479.16,Gold,1
CUST-2846,44,Female,587,4,131566.12,1,0,1,48028.64,Silver,0
CUST-2847,55,Female,483,7,42881.89,1,0,0,101693.86,Standard,1
CUST-2848,24,Male,810,9,64332.74,2,1,1,31513.92,Standard,0
CUST-2849,22,Female,541,3,48773.86,2,1,1,37764.39,Silver,0
CUST-2850,60,Male,705,4,111828.1,1,0,1,109324.28,Standard,0
CUST-2851,62,Male,627,3,22537.1,2,1,0,33867.21,Silver,1
CUST-2852,68,Female,367,5,186728.77,3,1,0,99419.72,Standard,1
CUST-2853,48,Male,361,2,67368.96,3,1,0,52501.57,Silver,1
CUST-2854,40,Female,529,7,44575.06,1,0,0,63010.6,Standard,1
CUST-2855,59,Female,472,5,99813.41,1,1,1,41204.56,VIP,1
CUST-2856,27,Female,595,9,56122.57,1,0,0,56083.44,Gold,0
CUST-2857,49,Female,571,4,107445.91,2,1,1,127661.47,Gold,0
CUST-2858,60,Male,722,1,70353.32,4,1,0,104859.8,Standard,1
CUST-2859,47,Male,400,9,27281.3,1,1,1,143719.97,Gold,0
CUST-2860,56,Male,837,9,53913.15,1,1,0,31093.11,Silver,1
CUST-2861,48,Male,420,6,88249.53,3,0,0,124051.5,Silver,1
CUST-2862,35,Male,829,1,7028.35,2,0,0,112384.65,Standard,0
CUST-2863,53,Male,397,0,154357.86,4,0,0,57611.54,Silver,1
CUST-2864,19,Female,368,6,124743.09,1,0,1,116145.84,Gold,0
CUST-2865,31,Female,611,4,120670.56,1,1,0,114568.57,Standard,0
CUST-2866,30,Male,433,0,109663.94,1,1,1,82418.15,Standard,0
CUST-2867,46,Female,504,3,118472.32,1,1,0,111079.95,Standard,1
CUST-2868,29,Male,402,3,186995.74,2,0,0,80572.61,Standard,1
CUST-2869,56,Male,456,9,2705.27,1,1,1,66943.2,Silver,1
CUST-2870,19,Female,706,6,10512.14,1,0,0,83311.37,Gold,0
CUST-2871,49,Female,653,8,39107.19,3,1,0,136891.19,Standard,1
CUST-2872,30,Female,484,1,34292.97,1,0,0,73072.97,Silver,1
CUST-2873,63,Male,792,0,37057.7,2,1,0,75461.02,Standard,1
CUST-2874,44,Female,418,1,134716.83,1,1,1,101050.4,Standard,0
CUST-2875,66,Female,360,6,92437.18,2,0,1,119124.93,Silver,1
CUST-2876,58,Female,492,9,198364.0,1,0,1,116827.61,Standard,1
CUST-2877,34,Female,541,5,46150.3,2,1,0,27474.84,Silver,1
CUST-2878,57,Female,736,3,62855.19,1,0,0,110926.92,Standard,1
CUST-2879,48,Female,727,0,196863.9,1,0,1,81319.26,Silver,0
CUST-2880,51,Female,418,0,166519.87,2,1,0,90511.25,Standard,1
CUST-2881,41,Female,372,4,94490.04,1,1,0,95207.92,VIP,1
CUST-2882,62,Female,530,0,111364.78,1,1,1,116464.95,Gold,1
CUST-2883,52,Male,642,6,168792.41,3,1,1,128916.62,Standard,1
CUST-2884,65,Female,358,0,96715.07,3,0,1,105782.62,Standard,1
CUST-2885,23,Male,620,0,41998.72,1,1,1,95488.4,Standard,0
CUST-2886,36,Male,736,1,165860.46,1,1,1,71721.16,Silver,0
CUST-2887,47,Female,442,9,108016.73,1,1,1,42234.78,Standard,0
CUST-2888,24,Female,803,2,31455.48,1,1,0,144822.21,Silver,0
CUST-2889,27,Female,366,0,101611.58,4,1,1,82730.29,Standard,1
CUST-2890,58,Male,503,8,83227.47,2,1,1,95776.53,Standard,1
CUST-2891,49,Female,754,9,175491.66,2,1,1,118884.14,Standard,0
CUST-2892,51,Male,677,7,26085.03,4,1,1,33551.31,Standard,1
CUST-2893,45,Female,498,4,175166.75,2,0,1,131876.38,Silver,0
CUST-2894,32,Female,726,1,102929.99,2,1,1,124628.22,Standard,0
CUST-2895,47,Female,616,4,81468.52,1,1,0,121803.57,Gold,1
CUST-2896,54,Female,771,5,33231.47,1,1,0,27747.84,Silver,1
CUST-2897,46,Female,677,0,140462.77,2,1,1,90814.86,Standard,0
CUST-2898,39,Female,455,3,185434.54,1,1,0,31783.55,Standard,1
CUST-2899,21,Male,821,8,75700.09,1,0,1,93859.07,Standard,0
CUST-2900,37,Male,730,1,49075.42,1,1,1,114806.04,Silver,0
CUST-2901,49,Female,384,4,111418.52,1,0,0,40231.28,Standard,1
CUST-2902,53,Female,468,0,159441.0,2,1,0,111860.39,Standard,1
CUST-2903,67,Male,363,3,1749.77,2,0,0,81191.61,Standard,1
CUST-2904,21,Female,363,3,126644.11,1,0,1,126444.12,Standard,0
CUST-2905,44,Male,615,5,119706.68,1,1,0,91698.62,VIP,1
CUST-2906,34,Male,489,9,64312.28,2,1,1,67015.19,Gold,0
CUST-2907,29,Female,643,8,90833.18,1,1,1,66498.95,Standard,0
CUST-2908,39,Female,713,2,50145.68,2,1,1,137185.82,Silver,0
CUST-2909,34,Female,468,8,158187.26,2,0,0,81608.95,Gold,1
CUST-2910,27,Male,587,5,127272.45,1,1,0,75719.24,Standard,0
CUST-2911,18,Male,383,6,107009.61,2,1,1,29984.2,Silver,0
CUST-2912,39,Female,518,9,79112.71,2,0,1,70540.58,Standard,0
CUST-2913,43,Female,359,1,58985.49,1,0,0,131203.38,Silver,1
CUST-2914,35,Male,471,9,164724.56,1,1,0,120123.46,Silver,1
CUST-2915,67,Female,750,5,90830.13,4,0,1,52614.15,VIP,1
CUST-2916,31,Male,494,5,100788.04,1,1,0,76632.08,Standard,1
CUST-2917,64,Female,800,1,104644.92,2,1,1,49572.46,Silver,0
CUST-2918,46,Female,795,1,90225.02,2,1,0,144277.1,Standard,0
CUST-2919,29,Male,572,1,51961.6,1,0,1,99764.73,Standard,0
CUST-2920,53,Male,720,9,24947.75,1,1,1,119294.35,VIP,0
CUST-2921,52,Female,606,0,20608.92,2,1,0,114226.08,Silver,1
CUST-2922,69,Female,617,4,151735.04,1,1,0,134211.17,Standard,1
CUST-2923,29,Female,708,7,45482.04,2,1,1,143665.97,Silver,0
CUST-2924,24,Female,353,1,12078.89,3,1,1,29055.77,Standard,1
CUST-2925,46,Female,775,4,159705.96,2,0,1,146912.65,Standard,0
CUST-2926,28,Female,746,7,31658.27,1,1,1,133817.81,Silver,0
CUST-2927,50,Female,703,9,125404.07,3,1,0,72868.43,Silver,1
CUST-2928,23,Male,455,4,68390.01,2,0,1,129633.66,Standard,0
CUST-2929,64,Male,434,1,26169.57,3,0,0,117069.75,Silver,1
CUST-2930,32,Male,563,2,83481.71,2,1,1,124139.3,Standard,0
CUST-2931,49,Female,470,5,3946.96,2,1,0,52586.38,Standard,1
CUST-2932,68,Male,481,4,168367.95,2,0,1,106070.46,Standard,1
CUST-2933,28,Female,687,3,103186.09,1,0,1,28240.74,Gold,0
CUST-2934,40,Female,546,3,28692.84,4,1,1,131028.64,Gold,1
CUST-2935,43,Female,368,4,48159.08,1,1,0,143880.37,Standard,1
CUST-2936,51,Male,479,1,90147.06,1,1,1,107765.43,Standard,0
CUST-2937,63,Male,361,8,38585.01,3,1,1,89083.71,Silver,1
CUST-2938,51,Male,430,1,54451.23,1,1,0,115716.39,Silver,1
CUST-2939,46,Male,679,9,107342.73,3,1,0,65795.16,Standard,1
CUST-2940,21,Male,703,1,166689.19,2,1,0,103298.47,Standard,0
CUST-2941,34,Female,611,9,80966.1,1,0,1,114871.62,VIP,0
CUST-2942,52,Female,741,8,143678.08,1,1,1,42835.1,Silver,0
CUST-2943,30,Female,474,2,175460.16,2,1,0,42508.5,Standard,1
CUST-2944,58,Female,656,9,44043.89,2,0,1,114517.27,Silver,0
CUST-2945,56,Male,616,6,161631.2,3,1,1,78972.81,Standard,1
CUST-2946,32,Female,796,3,151723.04,3,1,1,136150.19,Standard,0
CUST-2947,46,Female,790,5,72030.52,1,0,0,63992.36,Gold,1
CUST-2948,46,Male,732,3,197914.47,1,1,1,30303.84,Standard,0
CUST-2949,28,Female,489,9,53251.9,3,0,0,106234.5,Standard,1
CUST-2950,69,Male,678,6,51705.85,2,1,1,110529.9,Silver,1
CUST-2951,49,Female,351,0,154679.57,1,1,0,94198.95,Gold,1
CUST-2952,19,Female,357,2,87496.81,2,0,0,110416.58,Silver,1
CUST-2953,64,Male,599,2,66828.2,3,1,1,90469.29,Standard,1
CUST-2954,31,Female,488,0,36553.9,2,0,1,111579.1,Silver,0
CUST-2955,37,Female,473,5,153301.15,1,1,0,30492.18,Silver,1
CUST-2956,39,Female,658,8,157478.04,2,1,1,71049.67,Standard,0
CUST-2957,28,Male,577,7,113746.24,2,0,0,51352.11,Silver,0
CUST-2958,44,Female,359,6,191505.41,3,1,0,37415.77,Standard,1
CUST-2959,20,Male,818,9,64314.49,4,1,0,54261.58,VIP,0
CUST-2960,34,Male,561,7,44704.19,2,1,1,48913.83,Silver,0
CUST-2961,61,Male,461,5,135815.89,2,1,1,146641.42,Standard,1
CUST-2962,45,Female,357,8,151923.32,4,0,0,60818.24,Silver,1
CUST-2963,46,Female,641,2,45756.29,1,0,1,53869.87,Standard,0
CUST-2964,38,Female,826,9,16245.54,1,1,0,129359.31,Silver,0
CUST-2965,64,Female,711,9,162292.78,3,1,0,77389.53,Standard,1
CUST-2966,33,Male,809,8,195323.89,1,1,1,77683.18,Standard,0
CUST-2967,54,Male,602,3,129289.78,1,1,1,80448.81,Silver,0
CUST-2968,37,Male,363,6,56295.51,1,0,1,77066.81,Gold,0
CUST-2969,23,Male,589,8,199337.85,1,1,0,65820.68,Standard,0
CUST-2970,36,Male,787,1,178760.06,1,1,1,60792.43,Silver,0
CUST-2971,22,Male,591,1,103162.75,1,0,1,135244.96,Silver,0
CUST-2972,20,Male,818,8,165238.94,4,1,0,45213.42,Standard,0
CUST-2973,18,Male,691,2,163348.28,2,1,1,47632.79,Standard,0
CUST-2974,55,Male,498,8,187024.99,2,1,1,96464.89,Silver,0
CUST-2975,32,Male,585,4,168343.84,1,0,1,67957.32,Standard,0
CUST-2976,51,Female,655,5,129092.17,2,1,0,77691.17,Gold,1
CUST-2977,52,Female,827,1,122251.44,2,1,1,125818.33,Silver,0
CUST-2978,66,Female,516,7,94004.1,2,0,1,137953.88,Gold,1
CUST-2979,42,Male,369,8,125670.64,1,0,0,123819.21,Standard,1
CUST-2980,41,Male,565,1,159248.1,1,0,1,54366.03,Gold,0
CUST-2981,29,Female,692,5,193838.49,2,1,0,147496.41,Standard,0
CUST-2982,35,Male,484,5,93990.18,2,1,1,70397.06,Silver,0
CUST-2983,32,Male,742,7,115156.99,2,1,1,46133.38,Standard,0
CUST-2984,61,Male,478,9,89516.29,2,1,1,87437.09,Standard,1
CUST-2985,33,Male,759,4,134029.24,1,1,0,115660.72,Standard,0
CUST-2986,44,Male,771,8,126354.18,2,1,1,35408.86,Standard,0
CUST-2987,25,Male,643,0,4548.92,1,1,1,104285.86,Silver,0
CUST-2988,63,Female,595,8,108691.15,2,1,1,132259.74,Silver,1
CUST-2989,42,Male,538,9,18608.89,4,0,1,57722.69,Silver,1
CUST-2990,34,Male,393,6,6250.34,2,1,1,111640.4,Standard,0
CUST-2991,46,Female,435,3,158448.24,1,1,0,74988.58,Standard,1
CUST-2992,25,Male,393,2,52471.32,1,1,1,76766.89,Gold,0
CUST-2993,32,Male,679,9,68790.36,2,1,0,60101.75,Silver,0
CUST-2994,44,Female,724,5,13752.83,3,1,1,103049.22,Standard,0
CUST-2995,63,Male,795,0,36720.55,2,1,1,70124.91,Silver,0
CUST-2996,67,Male,727,2,153355.36,2,0,0,128862.88,Gold,1
CUST-2997,69,Male,739,1,99212.64,1,0,1,145363.18,Gold,0
CUST-2998,24,Male,494,8,176253.02,2,1,1,141885.96,Standard,0
CUST-2999,20,Female,400,2,80051.18,2,0,0,45391.05,Gold,1
CUST-3000,46,Female,591,1,54471.45,4,1,0,26773.79,Standard,1
CUST-3001,61,Male,643,3,70172.36,1,0,1,79808.54,Silver,0
CUST-3002,41,Female,757,1,142841.59,2,1,0,116110.46,Standard,0
CUST-3003,20,Male,400,0,111446.13,1,1,0,147181.91,Silver,1
CUST-3004,37,Male,615,5,180934.05,2,0,1,122927.79,Silver,0
CUST-3005,63,Female,469,9,120831.59,2,1,0,97568.67,Standard,1
CUST-3006,32,Male,549,7,99110.62,1,1,1,28294.11,Silver,0
CUST-3007,42,Male,754,9,157364.79,1,0,1,128192.59,Silver,0
CUST-3008,47,Male,597,9,189559.24,2,0,1,47143.13,Standard,0
CUST-3009,31,Male,419,1,71813.34,2,1,0,31950.81,Standard,1
CUST-3010,24,Male,690,8,50725.37,1,1,1,131294.86,Standard,0
CUST-3011,34,Female,406,2,123627.26,1,0,1,95781.36,Silver,0
CUST-3012,61,Male,731,7,100275.69,2,0,0,41068.95,Gold,1
CUST-3013,37,Male,388,7,197847.93,3,1,0,73317.83,Silver,1
CUST-3014,53,Male,821,2,93010.0,1,0,0,35692.71,Standard,1
CUST-3015,26,Female,638,2,15791.98,2,0,1,104751.35,Standard,0
CUST-3016,55,Female,792,5,195496.44,1,1,1,60303.41,Standard,0
CUST-3017,65,Female,367,0,168873.8,1,0,1,133261.77,VIP,1
CUST-3018,39,Female,789,3,36471.78,1,1,0,69724.5,Standard,0
CUST-3019,19,Female,569,0,181016.45,3,1,1,86829.23,Standard,0
CUST-3020,41,Male,662,2,68792.7,1,1,0,32940.42,Silver,1
CUST-3021,25,Female,593,8,76045.28,2,1,1,59449.08,Gold,0
CUST-3022,28,Female,701,4,181371.9,2,0,0,109595.91,Standard,0
CUST-3023,30,Female,809,4,106493.0,4,1,0,117032.85,Standard,1
CUST-3024,34,Female,653,3,28414.82,2,0,0,55352.73,Silver,0
CUST-3025,25,Male,647,2,74442.18,2,0,1,87977.51,Silver,0
CUST-3026,38,Male,632,4,144697.39,3,0,0,127191.39,Standard,1
CUST-3027,35,Male,423,3,35662.65,2,1,1,72488.77,Silver,0
CUST-3028,47,Female,459,7,118456.01,2,1,1,41721.41,Silver,0
CUST-3029,35,Male,529,3,139359.55,1,1,1,78983.8,Gold,0
CUST-3030,63,Male,775,7,69426.86,1,0,0,100078.58,Standard,1
CUST-3031,64,Female,381,5,139082.26,2,1,1,25924.82,Standard,1
CUST-3032,48,Male,583,4,176957.26,1,0,0,68570.94,Silver,1
CUST-3033,55,Female,631,3,94951.23,1,0,1,100929.48,Silver,0
CUST-3034,49,Male,374,3,77198.96,2,0,1,143988.99,Silver,1
CUST-3035,28,Male,680,3,50980.52,1,1,1,76068.59,Silver,0
CUST-3036,62,Male,628,8,121236.89,2,1,0,45371.53,Standard,1
CUST-3037,42,Female,575,3,176090.56,1,0,1,91777.39,Standard,0
CUST-3038,50,Male,406,8,65607.59,4,1,0,60719.05,Standard,1
CUST-3039,55,Male,529,9,79850.87,3,0,1,51847.42,Gold,1
CUST-3040,58,Female,581,5,81918.48,3,1,0,98800.41,Standard,1
CUST-3041,25,Male,731,9,112601.66,1,0,1,139485.44,Standard,0
CUST-3042,28,Female,692,6,46453.38,2,0,1,129403.03,Standard,0
CUST-3043,39,Female,826,9,164620.02,4,1,0,47786.57,Gold,1
CUST-3044,68,Male,636,2,59824.85,3,1,0,120734.93,Gold,1
CUST-3045,41,Female,413,7,141367.18,2,0,1,53733.58,Gold,0
CUST-3046,58,Male,804,2,103129.93,1,1,0,61337.66,Standard,1
CUST-3047,34,Female,581,0,117593.62,2,1,1,140006.44,Silver,0
CUST-3048,29,Male,638,9,36742.14,2,1,0,138881.27,Standard,0
CUST-3049,63,Female,562,4,147269.62,1,1,1,46078.85,Standard,1
CUST-3050,49,Male,607,1,38535.48,2,1,1,33023.98,Standard,0
CUST-3051,32,Female,367,9,23581.25,2,0,1,61639.76,Standard,0
CUST-3052,33,Male,524,5,109789.22,2,1,0,97721.88,Silver,1
CUST-3053,39,Male,766,9,142150.13,2,1,0,134611.46,Gold,0
CUST-3054,45,Male,578,8,10957.13,2,0,1,39854.67,Standard,0
CUST-3055,37,Male,575,0,14809.67,4,1,0,76869.81,Gold,1
CUST-3056,50,Female,433,3,160733.15,2,1,1,58968.72,Standard,0
CUST-3057,27,Male,640,0,161997.51,2,0,0,26866.12,Standard,0
CUST-3058,57,Female,784,0,49815.64,2,0,1,123555.78,Standard,0
CUST-3059,49,Female,719,7,123430.41,2,1,0,126660.53,Standard,1
CUST-3060,67,Female,595,1,89192.83,2,0,1,52653.63,Standard,1
CUST-3061,50,Male,751,0,126906.51,2,0,1,43905.03,Silver,0
CUST-3062,19,Male,459,7,172712.98,2,1,0,43070.11,Silver,0
CUST-3063,50,Female,603,3,16891.43,2,1,0,82993.4,Gold,1
CUST-3064,50,Male,437,2,155818.9,1,0,0,55811.95,Standard,1
CUST-3065,58,Male,421,3,99112.79,1,1,0,88919.46,Silver,1
CUST-3066,30,Female,730,4,113261.26,1,1,0,73106.47,Silver,0
CUST-3067,47,Female,379,0,131132.34,3,0,1,51361.29,VIP,1
CUST-3068,50,Female,521,0,184602.01,1,1,1,118898.97,Standard,0
CUST-3069,30,Male,658,2,12287.27,1,1,0,43795.49,VIP,0
CUST-3070,69,Female,743,5,6865.79,1,1,0,124862.79,Silver,1
CUST-3071,43,Male,692,0,36474.09,2,1,0,95180.8,Silver,1
CUST-3072,39,Male,785,1,197303.1,1,1,0,129004.64,Standard,0
CUST-3073,56,Female,526,6,143300.2,2,1,0,25594.88,Standard,1
CUST-3074,19,Male,488,0,123313.58,1,1,0,118648.56,Silver,0
CUST-3075,55,Male,543,6,10360.77,2,1,1,31439.45,Standard,0
CUST-3076,56,Male,535,3,175942.93,4,0,1,143762.34,Standard,1
CUST-3077,43,Female,567,9,162738.61,4,0,0,112842.44,VIP,1
CUST-3078,63,Female,513,5,133295.21,1,1,0,65021.54,Standard,1
CUST-3079,67,Female,510,7,68487.03,2,0,0,64981.31,Standard,1
CUST-3080,32,Female,780,8,15030.49,2,0,1,132686.55,Silver,0
CUST-3081,51,Male,362,5,116427.66,1,0,0,137855.02,Standard,1
CUST-3082,59,Male,645,8,144219.22,1,1,0,136446.66,Silver,1
CUST-3083,61,Male,438,3,19753.83,1,1,0,126092.54,Silver,1
CUST-3084,66,Male,673,5,127119.76,2,0,1,127379.0,Standard,0
CUST-3085,57,Male,391,7,57986.85,1,1,0,96595.99,Silver,1
CUST-3086,28,Female,752,8,153084.6,2,1,0,28528.88,Standard,0
CUST-3087,20,Male,559,2,108383.55,2,1,0,35846.66,Gold,0
CUST-3088,23,Male,578,1,26678.32,2,0,0,106194.16,VIP,0
CUST-3089,26,Male,699,5,105777.37,2,1,0,75145.65,Standard,0
CUST-3090,23,Male,624,3,79751.64,2,1,1,95913.7,Gold,0
CUST-3091,26,Female,791,0,36890.84,2,1,1,53884.7,Silver,0
CUST-3092,56,Male,628,7,168461.63,2,0,0,106177.15,Standard,1
CUST-3093,48,Male,600,8,3194.66,1,1,1,55353.69,Standard,0
CUST-3094,49,Female,659,8,63113.53,1,1,0,82601.6,Standard,1
CUST-3095,58,Male,557,1,3506.41,4,1,1,84839.99,VIP,1
CUST-3096,67,Male,670,8,20105.38,4,1,1,47208.53,Standard,1
CUST-3097,29,Male,489,6,60122.15,2,1,0,134525.97,Standard,1
CUST-3098,25,Female,629,4,11799.97,1,1,1,90727.63,Standard,0
CUST-3099,25,Female,383,6,119729.48,1,1,0,133347.97,Silver,1
CUST-3100,67,Female,658,8,18285.72,1,1,0,57816.96,Gold,1
CUST-3101,45,Male,741,7,140641.01,3,0,1,46541.99,Silver,0
CUST-3102,37,Female,367,5,11475.78,2,1,0,27252.08,Standard,1
CUST-3103,64,Male,406,3,12802.47,3,1,1,36733.08,Standard,1
CUST-3104,24,Male,461,0,61759.85,2,1,1,43433.83,Standard,0
CUST-3105,28,Male,354,5,179417.73,1,1,1,34856.95,Standard,0
CUST-3106,37,Male,759,2,128637.26,1,1,1,137109.91,Silver,0
CUST-3107,33,Male,763,5,154256.13,1,1,0,138929.79,Standard,0
CUST-3108,21,Female,531,5,29168.87,2,0,0,142170.33,Gold,0
CUST-3109,23,Female,362,3,166990.96,1,1,1,144982.6,Silver,0
CUST-3110,39,Male,688,1,2621.1,2,1,0,86479.38,Gold,0
CUST-3111,43,Male,634,8,43398.41,2,1,0,91253.08,VIP,1
CUST-3112,20,Male,608,1,123602.37,1,1,0,41353.8,Gold,0
CUST-3113,58,Male,439,2,75674.04,1,1,1,42131.5,Standard,1
CUST-3114,59,Female,453,9,196854.48,1,1,0,121594.55,Gold,1
CUST-3115,31,Male,728,0,7037.51,2,1,1,131966.14,Silver,0
CUST-3116,28,Female,535,6,199721.04,2,1,0,123089.3,Silver,0
CUST-3117,35,Male,599,0,125101.94,1,1,0,129321.98,Standard,1
CUST-3118,29,Male,604,8,112182.69,3,1,1,59571.29,Standard,0
CUST-3119,40,Male,425,0,12842.98,2,1,1,83258.22,VIP,0
CUST-3120,29,Male,735,4,55392.45,2,1,1,82399.92,Standard,0
CUST-3121,30,Male,808,6,185007.87,2,1,1,149410.43,Standard,0
CUST-3122,42,Female,457,2,71494.95,2,1,1,143647.25,Standard,0
CUST-3123,62,Male,505,8,132668.99,2,1,0,99810.76,Gold,1
CUST-3124,68,Female,431,7,199899.77,1,1,1,42246.64,Standard,1
CUST-3125,36,Male,426,2,53350.87,1,1,1,57324.5,Gold,0
CUST-3126,63,Male,834,4,115640.09,2,1,1,70470.19,Standard,0
CUST-3127,53,Male,819,6,139591.12,2,1,1,134151.46,Standard,0
CUST-3128,62,Female,809,3,33760.82,2,1,1,46329.06,Standard,0
CUST-3129,25,Male,607,4,30585.84,3,1,0,52468.36,Silver,1
CUST-3130,46,Female,476,2,91805.27,3,0,1,68673.09,Standard,1
CUST-3131,49,Male,834,8,77776.69,1,0,0,140863.77,Standard,1
CUST-3132,68,Female,740,9,143128.87,1,1,1,87976.51,Standard,0
CUST-3133,61,Male,631,8,14832.25,1,0,0,105854.5,Standard,1
CUST-3134,35,Female,823,6,194461.16,2,1,1,73402.91,Silver,0
CUST-3135,23,Female,437,9,3841.12,1,1,0,48565.26,Standard,1
CUST-3136,35,Female,553,1,120662.05,1,0,0,52850.07,Standard,1
CUST-3137,36,Male,365,6,112963.89,1,0,0,125333.9,Standard,1
CUST-3138,39,Male,500,6,27808.43,1,0,0,136685.25,Standard,1
CUST-3139,54,Male,773,4,31032.28,1,1,0,86634.46,Gold,1
CUST-3140,49,Female,603,8,158742.82,1,1,0,69624.32,Standard,1
CUST-3141,58,Female,537,2,177624.93,2,1,0,125979.39,Standard,1
CUST-3142,20,Female,678,3,57320.38,1,1,0,109136.85,Standard,0
CUST-3143,45,Male,381,0,88154.83,1,1,0,30109.25,Silver,1
CUST-3144,27,Male,620,5,71644.01,2,0,1,68842.61,Silver,0
CUST-3145,68,Male,834,3,15436.86,2,1,1,110271.62,Standard,0
CUST-3146,52,Female,746,0,134967.64,1,1,0,96709.98,Silver,1
CUST-3147,46,Female,354,1,165213.39,1,1,1,147258.41,Silver,0
CUST-3148,32,Female,808,2,61670.99,2,1,0,133264.42,Standard,0
CUST-3149,50,Male,679,8,198044.98,1,1,1,32467.3,Standard,0
CUST-3150,24,Female,657,7,16094.46,1,0,1,115721.13,Silver,0
CUST-3151,29,Female,682,6,132696.35,1,1,0,67040.83,Silver,0
CUST-3152,66,Male,518,3,90197.37,1,1,0,110260.34,VIP,1
CUST-3153,47,Female,530,0,89873.78,2,0,1,102153.07,Standard,0
CUST-3154,38,Female,715,7,92071.48,3,0,1,87881.28,Silver,0
CUST-3155,48,Female,527,3,52477.67,2,0,1,131618.69,Standard,0
CUST-3156,41,Female,492,2,143397.0,2,0,0,113586.23,Gold,1
CUST-3157,37,Male,711,8,144593.73,1,1,1,136194.39,Silver,0
CUST-3158,54,Male,597,9,57197.02,2,0,0,60200.47,Silver,1
CUST-3159,21,Female,476,3,167225.99,1,1,0,68515.94,Standard,0
CUST-3160,45,Male,612,3,64052.14,1,0,0,102743.92,Standard,1
CUST-3161,61,Female,389,8,145293.53,2,1,1,145808.05,Silver,1
CUST-3162,37,Female,761,1,25078.95,3,1,1,71447.76,Standard,0
CUST-3163,41,Female,765,4,34571.63,1,1,1,29036.71,Standard,0
CUST-3164,67,Female,704,3,63843.33,2,1,1,80735.99,Standard,0
CUST-3165,66,Male,604,8,119180.88,1,1,1,92991.2,Standard,1
CUST-3166,68,Male,492,4,129456.79,1,1,0,125123.43,Silver,1
CUST-3167,49,Male,589,8,79874.88,1,0,1,116075.06,Standard,0
CUST-3168,58,Male,577,8,16489.99,2,1,1,145582.84,Standard,0
CUST-3169,53,Male,690,1,75353.3,2,1,1,122835.35,Standard,0
CUST-3170,51,Male,547,8,138064.74,2,0,0,62328.55,Gold,1
CUST-3171,53,Female,414,2,134528.1,1,1,1,105172.54,Gold,1
CUST-3172,19,Female,737,3,32879.09,1,1,1,109030.15,Standard,0
CUST-3173,32,Male,360,0,2549.01,2,1,1,149752.56,Silver,0
CUST-3174,51,Male,457,0,150843.34,1,1,0,42342.24,Standard,1
CUST-3175,53,Female,375,0,22167.27,1,0,0,48915.69,Silver,1
CUST-3176,23,Male,794,8,17387.48,4,0,1,44439.21,Silver,0
CUST-3177,56,Male,770,7,1537.54,2,0,1,98632.51,Standard,0
CUST-3178,59,Male,500,4,87087.66,1,1,1,41912.63,Standard,1
CUST-3179,68,Female,570,4,101149.52,1,1,0,107000.96,Silver,1
CUST-3180,68,Male,690,8,127895.15,1,1,1,125471.76,Gold,0
CUST-3181,29,Female,845,2,59916.7,2,1,0,79099.12,Gold,0
CUST-3182,20,Male,586,2,142374.52,2,1,1,95085.64,Silver,0
CUST-3183,62,Male,586,6,34697.04,2,1,1,139090.26,Standard,0
CUST-3184,35,Male,846,8,166566.02,1,1,1,96195.74,Standard,0
CUST-3185,57,Male,568,5,114797.82,1,1,0,51075.69,Gold,1
CUST-3186,38,Female,836,1,117194.07,4,1,0,67899.22,Standard,1
CUST-3187,32,Female,773,0,42745.31,4,0,0,91230.73,Silver,1
CUST-3188,50,Female,810,1,15747.64,2,1,1,44362.21,Standard,0
CUST-3189,52,Female,500,0,93480.24,1,0,1,101564.98,Standard,0
CUST-3190,43,Female,472,9,123506.78,2,0,0,149905.76,Standard,1
CUST-3191,25,Female,493,9,19914.25,3,1,1,106566.87,Gold,0
CUST-3192,53,Female,827,8,190156.36,2,1,0,71551.39,Standard,1
CUST-3193,65,Male,538,9,196102.46,2,1,1,66468.31,Silver,1
CUST-3194,47,Male,604,7,109545.88,1,1,1,141450.42,Gold,0
CUST-3195,40,Male,417,6,190063.76,1,1,1,133939.29,Gold,0
CUST-3196,59,Female,453,2,36709.6,1,0,0,84044.83,Standard,1
CUST-3197,61,Male,685,7,6058.72,3,0,1,69176.82,Silver,1
CUST-3198,31,Male,508,1,8842.5,2,1,0,113808.04,VIP,1
CUST-3199,31,Female,658,1,117914.98,2,0,1,64312.81,Standard,0
CUST-3200,19,Female,711,9,13266.73,1,1,0,39925.4,Silver,0
CUST-3201,54,Female,758,2,191750.58,3,0,1,63769.03,Standard,1
CUST-3202,22,Male,649,6,29244.71,2,1,1,79287.0,Standard,0
CUST-3203,55,Female,745,0,61639.84,1,1,0,56926.42,Standard,1
CUST-3204,62,Male,439,7,164681.04,3,1,1,52101.72,Silver,1
CUST-3205,58,Male,706,6,44529.32,1,0,0,25767.52,Silver,1
CUST-3206,64,Male,605,3,49350.72,1,1,0,103855.35,Standard,1
CUST-3207,31,Male,845,4,128819.48,1,1,1,101806.12,Gold,0
CUST-3208,56,Male,702,9,55941.13,3,0,0,48503.15,Standard,1
CUST-3209,42,Female,569,0,44272.08,3,0,0,142956.26,Silver,1
CUST-3210,37,Male,358,3,51581.37,1,1,1,76196.36,VIP,0
CUST-3211,19,Female,361,0,98638.85,2,0,0,28184.93,Standard,1
CUST-3212,56,Female,674,0,193253.87,2,1,0,52471.49,Silver,1
CUST-3213,23,Male,787,9,166615.35,2,1,1,111508.44,Silver,0
CUST-3214,34,Male,593,0,57637.44,1,1,1,50202.49,Silver,0
CUST-3215,42,Male,531,6,73311.27,2,1,1,31739.06,Standard,0
CUST-3216,45,Female,633,6,93437.94,2,1,0,102213.28,Standard,1
CUST-3217,19,Male,661,3,195807.0,1,1,0,89794.35,Silver,0
CUST-3218,52,Male,448,1,35305.7,1,1,0,120158.23,Standard,1
CUST-3219,54,Male,546,2,72139.14,2,0,1,121578.92,Standard,0
CUST-3220,22,Female,831,7,146155.79,1,0,1,144991.91,Gold,0
CUST-3221,18,Female,715,7,192824.8,4,1,0,32127.19,Standard,1
CUST-3222,57,Male,575,5,31979.37,1,1,1,29873.68,Gold,0
CUST-3223,29,Female,682,9,46248.61,4,1,0,148399.63,Standard,1
CUST-3224,53,Female,452,8,45913.24,1,0,0,105605.98,Silver,1
CUST-3225,62,Female,455,8,5165.47,1,1,1,114421.32,VIP,1
CUST-3226,40,Female,714,3,121219.01,1,1,1,37060.25,VIP,0
CUST-3227,64,Female,717,0,134469.91,2,1,1,33726.59,Standard,0
CUST-3228,48,Female,407,0,120902.65,2,1,0,45031.7,Gold,1
CUST-3229,28,Female,427,9,15193.27,1,1,0,78399.45,Standard,1
CUST-3230,27,Male,424,4,14776.8,1,0,0,38772.02,Standard,1
CUST-3231,20,Male,391,1,42866.92,2,1,1,80791.72,Silver,0
CUST-3232,31,Male,771,5,58768.61,2,1,1,95191.99,VIP,0
CUST-3233,33,Female,673,6,157522.19,2,1,0,25041.62,VIP,0
CUST-3234,27,Female,530,0,32718.66,1,0,1,39280.7,Standard,0
CUST-3235,46,Male,382,5,9774.35,2,1,0,71899.4,Silver,1
CUST-3236,27,Female,420,7,79403.51,2,1,1,31666.22,Gold,0
CUST-3237,29,Male,405,4,83862.04,4,1,1,41691.12,Standard,1
CUST-3238,47,Male,454,6,90730.56,2,0,1,53974.55,Silver,0
CUST-3239,58,Female,549,9,165553.81,1,1,1,78700.18,Standard,0
CUST-3240,18,Male,450,5,20503.08,1,1,0,114354.65,Standard,0
CUST-3241,22,Male,605,3,141084.47,2,0,1,41586.08,Silver,0
CUST-3242,37,Female,656,6,68251.17,2,0,0,117244.82,Standard,0
CUST-3243,25,Female,423,9,62686.05,3,1,0,131882.59,Standard,1
CUST-3244,60,Male,520,8,186576.08,2,0,1,106434.85,Standard,1
CUST-3245,29,Female,726,9,50445.24,2,1,1,30465.71,Silver,0
CUST-3246,18,Female,492,9,128863.84,1,1,0,80081.71,Standard,0
CUST-3247,37,Male,515,6,55750.42,1,1,1,107508.25,Standard,0
CUST-3248,45,Male,748,4,101921.63,1,1,0,147314.14,Silver,1
CUST-3249,60,Female,610,6,157472.29,1,1,0,143976.05,Standard,1
CUST-3250,54,Male,570,2,176462.78,2,1,1,74462.89,Gold,0
CUST-3251,64,Female,432,1,167900.75,1,0,0,101991.38,Standard,1
CUST-3252,54,Female,531,4,116853.97,1,0,1,136351.89,Standard,0
CUST-3253,29,Female,656,3,50514.45,1,1,1,128880.78,Standard,0
CUST-3254,54,Male,359,4,132585.44,1,1,0,84927.73,Standard,1
CUST-3255,66,Female,745,7,142271.1,1,1,1,57655.17,Gold,0
CUST-3256,66,Male,353,3,3127.71,2,1,0,42137.49,Standard,1
CUST-3257,61,Male,700,8,88402.89,1,1,0,85997.52,Silver,1
CUST-3258,45,Male,751,6,168809.15,2,1,1,115355.73,Standard,0
CUST-3259,64,Male,685,9,98427.93,2,1,1,146221.21,Silver,0
CUST-3260,32,Female,837,6,62963.71,4,1,1,132726.86,Gold,0
CUST-3261,23,Male,641,7,174487.76,1,0,1,50530.12,Standard,0
CUST-3262,61,Male,630,5,32020.26,1,0,1,114972.27,Silver,0
CUST-3263,37,Female,564,7,42082.6,1,1,0,61137.66,Gold,1
CUST-3264,67,Male,809,2,137787.1,2,1,0,110434.07,Silver,1
CUST-3265,31,Female,447,9,71134.75,3,1,0,108225.68,Standard,1
CUST-3266,19,Male,769,9,142890.35,2,1,1,59053.83,Standard,0
CUST-3267,26,Female,450,0,32383.02,2,1,0,54298.58,Standard,1
CUST-3268,54,Female,800,5,51201.55,1,1,1,37992.22,Gold,0
CUST-3269,37,Male,358,0,32172.83,2,1,1,31317.45,Silver,0
CUST-3270,43,Male,410,8,190629.15,1,1,1,132306.38,VIP,0
CUST-3271,46,Male,658,1,81675.39,2,1,1,31231.17,Standard,0
CUST-3272,18,Female,495,1,68106.76,2,1,0,36092.65,Standard,0
CUST-3273,52,Male,776,6,3826.23,1,1,0,54856.5,Standard,1
CUST-3274,23,Male,768,1,31530.1,1,0,0,135957.29,Standard,0
CUST-3275,54,Male,412,9,84806.04,2,0,0,66617.55,Standard,1
CUST-3276,22,Male,470,7,14632.06,1,1,0,48974.94,Standard,0
CUST-3277,50,Male,575,5,102637.13,1,1,1,114444.44,Gold,0
CUST-3278,66,Female,454,6,91548.07,1,0,1,64883.72,Standard,1
CUST-3279,68,Male,811,6,153666.46,1,1,0,66670.83,Standard,1
CUST-3280,31,Male,609,5,132300.74,2,0,1,117372.07,Gold,0
CUST-3281,29,Female,698,9,89743.51,2,1,0,56456.6,VIP,0
CUST-3282,59,Female,774,8,45707.48,2,0,1,137095.01,Standard,0
CUST-3283,37,Male,604,8,145645.85,1,0,1,95177.71,Gold,0
CUST-3284,67,Male,778,6,141864.56,2,1,1,92228.96,Standard,0
CUST-3285,41,Male,783,8,31505.94,3,1,0,58094.03,Standard,1
CUST-3286,60,Female,556,9,183035.61,1,1,1,129386.79,Gold,0
CUST-3287,51,Male,377,2,13816.62,1,1,0,96593.69,Silver,1
CUST-3288,42,Female,519,2,11952.5,3,1,1,44439.57,Gold,1
CUST-3289,67,Female,685,0,38282.73,1,1,0,50787.28,Gold,1
CUST-3290,46,Female,425,4,181982.7,1,1,1,83531.99,Standard,0
CUST-3291,56,Male,465,3,104479.63,1,1,1,122455.23,Silver,1
CUST-3292,48,Male,418,1,157800.24,1,0,1,142411.91,Standard,0
CUST-3293,64,Male,703,8,46340.79,1,1,1,107937.33,Standard,0
CUST-3294,60,Male,583,2,98554.17,1,1,1,88267.91,Standard,0
CUST-3295,67,Female,350,7,72299.6,2,1,0,56341.5,Standard,1
CUST-3296,40,Female,516,5,165737.89,1,1,1,109108.5,Gold,0
CUST-3297,61,Female,701,4,5498.28,2,1,1,147779.97,Gold,0
CUST-3298,55,Female,567,0,49524.7,1,0,1,84527.81,Silver,0
CUST-3299,37,Male,622,3,31362.27,4,1,1,45267.73,Standard,0
CUST-3300,40,Male,717,2,171978.62,4,1,1,37917.57,Silver,0
CUST-3301,62,Male,600,0,94041.23,2,1,1,58657.02,Silver,0
CUST-3302,69,Female,696,4,81439.79,3,1,1,96180.25,VIP,1
CUST-3303,33,Female,693,5,90447.07,2,0,1,143350.66,Standard,0
CUST-3304,67,Female,768,1,194412.99,3,1,0,62395.64,Standard,1
CUST-3305,59,Male,523,2,170203.21,1,1,0,63173.9,Gold,1
CUST-3306,25,Male,519,5,141567.39,1,1,1,85147.46,Gold,0
CUST-3307,67,Female,595,3,58805.31,2,0,1,139817.79,Standard,1
CUST-3308,38,Male,772,8,33869.43,1,1,1,77381.88,Standard,0
CUST-3309,18,Female,439,4,184365.29,2,0,1,52903.67,Gold,0
CUST-3310,25,Female,398,3,85192.03,3,1,1,45391.36,Silver,0
CUST-3311,46,Female,795,1,56472.4,1,1,0,82126.92,Silver,0
CUST-3312,49,Male,643,5,94713.24,2,1,1,125084.68,Standard,0
CUST-3313,55,Male,756,9,183651.64,1,1,0,61419.05,Standard,1
CUST-3314,22,Male,499,1,78026.4,1,1,1,89065.33,Standard,0
CUST-3315,64,Male,481,6,112965.56,2,1,0,100376.03,Silver,1
CUST-3316,39,Male,782,2,160790.29,1,1,0,81308.8,Standard,0
CUST-3317,64,Female,408,8,85999.37,2,0,1,48961.28,Standard,1
CUST-3318,51,Female,806,4,47474.82,2,1,1,140218.21,Standard,0
CUST-3319,18,Male,673,7,198910.62,1,1,0,95681.15,Standard,0
CUST-3320,43,Male,548,5,191357.6,2,1,0,116141.8,Standard,1
CUST-3321,60,Male,564,9,168852.35,2,1,1,104505.38,Standard,0
CUST-3322,27,Male,735,7,137986.4,1,1,1,149756.0,Gold,0
CUST-3323,47,Female,398,2,59678.26,1,1,1,82038.77,Standard,0
CUST-3324,67,Male,821,2,182769.17,3,1,1,78121.55,Standard,1
CUST-3325,35,Male,581,4,55835.78,2,1,0,70017.48,Standard,1
CUST-3326,34,Male,596,9,160361.09,1,1,0,70203.56,Gold,1
CUST-3327,43,Female,731,2,183733.38,1,0,1,59471.28,Standard,0
CUST-3328,25,Female,828,7,120997.76,2,1,1,147578.77,Standard,0
CUST-3329,64,Male,588,9,160808.19,2,1,1,133847.75,Standard,1
CUST-3330,57,Male,764,7,158547.32,1,0,0,64584.13,Silver,1
CUST-3331,66,Female,716,1,39438.39,2,1,0,63153.63,Silver,1
CUST-3332,29,Female,517,3,133916.97,2,1,1,37941.75,Standard,0
CUST-3333,44,Male,397,9,19600.12,2,1,1,134628.86,Standard,0
CUST-3334,25,Female,400,0,102062.18,1,0,0,71470.76,Standard,1
CUST-3335,42,Female,648,3,33284.87,2,0,1,96576.92,Silver,0
CUST-3336,63,Female,447,3,83853.55,1,0,1,137547.22,Silver,1
CUST-3337,21,Female,788,9,166763.43,4,1,1,76012.58,Standard,0
CUST-3338,50,Female,565,8,197446.4,2,1,1,125858.51,Silver,0
CUST-3339,18,Male,526,2,64274.01,2,1,1,78785.7,Standard,0
CUST-3340,36,Female,729,1,106859.18,2,1,0,112617.62,Silver,0
CUST-3341,48,Female,823,8,102748.31,1,0,0,78898.05,Silver,0
CUST-3342,33,Female,429,8,190925.9,3,1,1,74094.89,Gold,1
CUST-3343,31,Male,534,0,96238.16,1,1,1,148838.65,Standard,0
CUST-3344,65,Female,716,5,140122.13,2,0,0,101543.73,Silver,1
CUST-3345,22,Female,810,9,184436.06,1,0,1,70923.9,Standard,0
CUST-3346,58,Male,748,7,75302.33,1,1,1,57227.43,Standard,0
CUST-3347,43,Female,376,2,180522.33,2,1,1,29970.8,Standard,0
CUST-3348,45,Female,801,8,183573.79,2,1,0,113320.79,Standard,0
CUST-3349,19,Female,813,1,186201.84,2,1,1,71519.68,Standard,0
CUST-3350,67,Male,797,5,54818.79,2,1,1,127656.77,VIP,0
CUST-3351,23,Male,827,0,80670.76,1,1,1,70483.56,Silver,0
CUST-3352,26,Female,841,6,174208.79,3,0,1,71666.15,Standard,0
CUST-3353,50,Male,763,2,72473.2,1,1,0,122397.63,Standard,1
CUST-3354,58,Female,769,6,120450.35,2,1,0,86183.33,Standard,1
CUST-3355,42,Male,544,3,24492.85,2,1,1,135611.85,Standard,0
CUST-3356,65,Male,563,8,12198.72,1,1,1,98766.97,Standard,1
CUST-3357,30,Male,718,4,82986.8,1,1,0,55080.6,Standard,0
CUST-3358,26,Female,691,2,116204.39,1,0,1,96033.98,Gold,0
CUST-3359,30,Male,463,7,79147.12,1,0,0,25500.21,Silver,1
CUST-3360,48,Male,591,5,115969.42,1,1,1,64049.67,Silver,0
CUST-3361,58,Male,473,1,103501.79,1,0,1,50994.04,Gold,1
CUST-3362,28,Male,654,2,137455.74,1,1,0,106773.48,Standard,0
CUST-3363,21,Female,425,7,130256.95,2,1,1,42004.82,Standard,0
CUST-3364,51,Female,660,9,85424.89,2,1,1,61262.18,Standard,0
CUST-3365,55,Male,818,6,85574.05,1,0,0,66413.57,Silver,1
CUST-3366,63,Female,661,9,29014.89,1,1,0,25411.65,Standard,1
CUST-3367,21,Male,545,5,103134.48,1,1,0,30845.82,Standard,0
CUST-3368,55,Female,700,0,117848.65,2,0,0,63890.77,Gold,1
CUST-3369,36,Female,393,8,95821.39,2,1,1,52794.56,Standard,0
CUST-3370,23,Female,764,2,65815.76,2,1,1,39613.34,Silver,0
CUST-3371,51,Male,535,4,144608.06,2,1,1,44270.21,Gold,0
CUST-3372,35,Female,692,6,15857.67,2,1,0,129442.12,Standard,0
CUST-3373,30,Male,595,6,182973.63,2,1,1,110414.95,Gold,0
CUST-3374,58,Female,786,2,5108.04,1,1,1,85514.69,Silver,0
CUST-3375,40,Male,433,3,192507.68,2,0,0,138609.35,Gold,1
CUST-3376,36,Female,556,9,93008.76,3,1,1,28694.1,Standard,0
CUST-3377,62,Female,500,6,83121.32,2,1,1,68116.87,Gold,1
CUST-3378,28,Female,505,7,52032.36,2,1,1,127922.96,Standard,0
CUST-3379,18,Male,365,1,3004.16,1,0,1,103536.12,Silver,0
CUST-3380,41,Female,514,8,55683.26,3,0,1,147710.93,Standard,1
CUST-3381,24,Male,754,6,22770.59,1,1,1,143064.37,Standard,0
CUST-3382,42,Female,812,7,132304.35,1,1,1,46242.81,Standard,0
CUST-3383,38,Male,494,5,64495.92,1,0,1,146498.37,Standard,0
CUST-3384,32,Male,847,5,153668.69,4,0,1,143191.85,Standard,0
CUST-3385,18,Female,386,8,42176.32,3,1,1,71701.37,Standard,0
CUST-3386,29,Male,682,3,180146.74,3,1,1,147860.04,Standard,0
CUST-3387,24,Male,752,4,105073.32,2,1,1,29480.52,Standard,0
CUST-3388,32,Male,763,8,23786.73,2,1,1,107593.82,Standard,0
CUST-3389,38,Male,394,0,80768.2,3,0,0,58268.48,Standard,1
CUST-3390,36,Female,751,3,42145.34,4,1,0,41182.89,Gold,1
CUST-3391,46,Female,555,6,40737.4,2,1,1,97191.87,Silver,0
CUST-3392,42,Male,411,8,101767.58,1,1,1,63293.79,Standard,0
CUST-3393,50,Male,769,9,134706.51,2,1,1,108353.17,Silver,0
CUST-3394,66,Male,705,5,182412.02,4,1,0,92497.63,Silver,1
CUST-3395,49,Male,817,7,100930.24,3,1,0,74073.68,Standard,1
CUST-3396,66,Female,657,8,193201.92,3,1,1,47727.77,Standard,1
CUST-3397,52,Female,368,9,188385.34,3,1,0,100156.27,Standard,1
CUST-3398,61,Male,714,3,173147.44,3,1,0,128653.83,VIP,1
CUST-3399,55,Male,649,0,100495.48,2,0,1,100000.56,Standard,0
CUST-3400,43,Male,356,7,29039.88,2,0,1,101315.32,Silver,0
CUST-3401,28,Female,598,1,44362.99,1,1,1,88979.67,Standard,0
CUST-3402,52,Female,777,0,129886.33,2,0,1,73530.01,Silver,0
CUST-3403,25,Male,466,6,84929.24,2,1,1,82182.26,Standard,0
CUST-3404,63,Male,417,9,30213.52,3,1,0,148692.72,Standard,1
CUST-3405,31,Female,383,8,96319.79,2,0,1,118708.56,Standard,0
CUST-3406,27,Female,543,8,4468.68,1,1,1,78819.93,Gold,0
CUST-3407,19,Male,674,2,147045.18,1,1,0,82162.05,Standard,0
CUST-3408,63,Male,404,5,15642.68,2,0,1,87454.0,Standard,1
CUST-3409,26,Male,615,6,126193.61,2,0,1,107414.27,Silver,0
CUST-3410,20,Female,829,9,158809.05,1,1,1,83244.78,Silver,0
CUST-3411,38,Male,391,8,27396.13,1,0,1,110772.39,Standard,0
CUST-3412,43,Male,646,1,104209.1,2,1,1,66148.48,Standard,0
CUST-3413,25,Female,810,7,156034.44,1,1,0,76329.95,Standard,0
CUST-3414,65,Male,580,6,52866.06,1,1,1,133006.64,Standard,1
CUST-3415,19,Female,802,3,33420.4,1,1,0,66113.21,Gold,0
CUST-3416,23,Male,727,1,68027.0,2,1,1,145554.59,Standard,0
CUST-3417,45,Male,743,7,111385.14,2,1,0,46563.12,Gold,1
CUST-3418,46,Female,359,4,115480.64,1,1,0,55209.98,Standard,1
CUST-3419,43,Male,707,5,27044.39,3,1,0,82959.97,Standard,1
CUST-3420,42,Female,824,6,92056.2,1,1,1,124676.09,Silver,0
CUST-3421,29,Female,793,9,54388.16,1,1,0,116446.93,Silver,0
CUST-3422,22,Male,477,0,168562.82,1,0,0,46808.25,Standard,0
CUST-3423,51,Female,528,7,63401.45,1,1,0,54585.63,Silver,1
CUST-3424,65,Male,754,3,167902.2,1,1,1,96907.87,Silver,0
CUST-3425,54,Female,741,8,86284.36,1,1,1,61895.59,Standard,0
CUST-3426,32,Male,542,0,145590.57,2,0,1,77790.67,Standard,0
CUST-3427,61,Female,441,1,102501.99,2,1,1,85824.27,Standard,1
CUST-3428,53,Male,718,5,124770.56,2,1,0,99280.75,Silver,1
CUST-3429,32,Male,580,9,79675.95,2,1,0,56381.42,Standard,1
CUST-3430,60,Female,427,0,153873.15,1,1,1,45392.52,Silver,1
CUST-3431,65,Female,434,3,85612.69,3,1,1,74820.42,Silver,1
CUST-3432,40,Male,379,7,92034.87,1,1,1,35253.28,Silver,0
CUST-3433,23,Male,562,9,104018.05,2,0,1,90845.65,Silver,0
CUST-3434,63,Female,398,4,166533.0,1,1,1,129950.64,Standard,1
CUST-3435,67,Female,614,8,132216.41,3,0,0,39871.96,Gold,1
CUST-3436,61,Male,494,5,70482.92,2,0,1,39091.32,Silver,1
CUST-3437,60,Male,418,0,134393.61,1,0,0,35027.22,Standard,1
CUST-3438,62,Male,407,5,128842.89,2,0,1,130982.66,Silver,1
CUST-3439,38,Female,534,5,186272.84,1,0,0,35088.11,Silver,1
CUST-3440,40,Male,411,5,168441.87,2,1,1,147932.75,Standard,0
CUST-3441,60,Male,828,7,129841.94,2,1,1,69791.41,Standard,0
CUST-3442,33,Female,657,5,68959.92,1,1,1,66095.27,Standard,0
CUST-3443,64,Male,794,4,156135.71,1,0,1,36453.97,VIP,0
CUST-3444,32,Male,645,1,115466.45,1,1,1,98205.15,Silver,0
CUST-3445,42,Male,515,3,197068.73,2,1,0,98235.28,Standard,1
CUST-3446,53,Male,520,9,50253.72,1,1,1,86725.73,Silver,0
CUST-3447,28,Male,412,4,16851.51,2,0,1,63877.52,Standard,0
CUST-3448,68,Female,496,9,14908.47,4,0,0,71072.61,Standard,1
CUST-3449,32,Male,833,3,128366.05,1,1,1,65062.92,Standard,0
CUST-3450,21,Female,655,1,187912.79,4,1,1,78268.3,Silver,0
CUST-3451,38,Female,510,6,1384.45,2,1,0,67723.51,VIP,1
CUST-3452,30,Female,490,9,145428.44,1,1,1,109439.66,VIP,0
CUST-3453,39,Male,683,9,131755.97,1,1,0,61973.31,Standard,1
CUST-3454,36,Male,446,1,146728.53,2,1,0,68854.78,Silver,1
CUST-3455,51,Male,795,0,71725.68,1,0,0,79432.49,Gold,1
CUST-3456,31,Male,570,4,164278.79,1,1,0,25495.23,Standard,0
CUST-3457,21,Male,392,0,9896.68,1,1,1,86510.32,Silver,0
CUST-3458,65,Female,782,0,151330.79,2,0,1,56977.48,Gold,0
CUST-3459,69,Male,641,0,54147.32,2,1,0,32018.81,Silver,1
CUST-3460,63,Male,727,5,95890.72,2,1,1,138877.66,Standard,0
CUST-3461,44,Male,457,8,164704.62,1,1,0,65302.34,Gold,1
CUST-3462,46,Female,615,9,55000.45,2,0,0,78260.66,Gold,1
CUST-3463,64,Male,444,0,37856.29,4,1,0,128417.89,Silver,1
CUST-3464,45,Female,611,4,136581.32,1,1,1,45848.62,Standard,0
CUST-3465,52,Male,662,8,107145.58,1,0,1,131288.6,Silver,0
CUST-3466,25,Female,734,8,103366.37,3,0,1,55204.74,Standard,0
CUST-3467,33,Female,420,0,52097.13,2,1,1,98629.74,Standard,0
CUST-3468,59,Male,791,7,7941.18,2,0,0,110709.8,Silver,1
CUST-3469,53,Male,568,0,82643.56,3,0,0,138126.74,VIP,1
CUST-3470,47,Male,370,7,22205.34,2,0,0,100954.75,Gold,1
CUST-3471,35,Male,441,0,181291.84,1,0,1,81653.98,Silver,0
CUST-3472,19,Female,476,4,9208.81,2,1,1,96533.67,Standard,0
CUST-3473,66,Female,429,7,86898.52,2,1,1,50260.31,Standard,1
CUST-3474,30,Female,661,5,11396.87,4,1,1,111134.29,Gold,0
CUST-3475,21,Female,587,8,20013.23,1,1,1,48360.09,Silver,0
CUST-3476,43,Male,820,0,132114.47,2,0,1,94655.95,Gold,0
CUST-3477,42,Male,721,8,129775.14,2,0,1,105950.46,Standard,0
CUST-3478,47,Female,753,0,7577.39,1,1,1,137322.9,Silver,0
CUST-3479,28,Male,835,9,1225.16,1,1,0,81273.73,Gold,0
CUST-3480,24,Female,531,9,16684.8,3,1,1,121916.65,Standard,0
CUST-3481,48,Male,374,2,152836.78,1,1,0,45941.31,Standard,1
CUST-3482,61,Male,505,0,117330.72,2,0,1,44524.56,Standard,1
CUST-3483,27,Female,354,2,8585.53,3,1,1,90599.75,Gold,1
CUST-3484,56,Male,469,1,98131.31,1,1,1,99542.6,Silver,1
CUST-3485,30,Female,626,1,142693.84,4,1,0,104042.63,Silver,1
CUST-3486,48,Female,367,8,173921.33,2,1,1,118209.26,Standard,1
CUST-3487,24,Female,780,7,186873.26,2,0,1,61866.44,Silver,0
CUST-3488,66,Female,547,0,66160.67,1,1,0,102825.97,Silver,1
CUST-3489,59,Female,406,3,28030.65,4,0,1,48517.39,Standard,1
CUST-3490,59,Female,442,0,48148.26,1,1,1,52374.71,VIP,1
CUST-3491,53,Male,368,0,155458.13,1,1,1,33413.61,Standard,1
CUST-3492,37,Male,733,3,194325.36,1,1,1,118375.07,Standard,0
CUST-3493,21,Female,702,1,93812.33,1,0,0,88374.12,Standard,0
CUST-3494,24,Male,542,2,61765.29,2,1,0,54773.21,Standard,0
CUST-3495,18,Male,586,8,86408.93,4,1,1,94529.72,Silver,0
CUST-3496,61,Male,736,1,61657.82,3,1,1,69280.02,Standard,1
CUST-3497,62,Female,775,3,52041.02,1,1,0,129651.24,Gold,1
CUST-3498,59,Female,626,0,119156.4,1,1,1,91018.49,Standard,0
CUST-3499,64,Male,576,1,4131.46,2,1,0,28726.34,Standard,1
